"geoname_id","county_name","county_fips"
4047434,Russell County,"01113"
4048080,Long County,"13183"
4048522,Boone County,"21015"
4048572,Rowan County,"21205"
4049189,Bibb County,"01007"
4050506,Campbell County,"47013"
4050633,Blount County,"01009"
4052497,Bullock County,"01011"
4052744,Butler County,"01013"
4053062,Calhoun County,"01015"
4054621,Chambers County,"01017"
4054880,Cherokee County,"01019"
4055067,Chilton County,"01021"
4055170,Choctaw County,"01023"
4055624,Clarke County,"01025"
4055660,Clay County,"01027"
4055785,Cleburne County,"01029"
4056099,Coffee County,"01031"
4056165,Colbert County,"01033"
4056592,Conecuh County,"01035"
4056809,Coosa County,"01037"
4057296,Covington County,"01039"
4057517,Crenshaw County,"01041"
4057837,Cullman County,"01043"
4058052,Dale County,"01045"
4058076,Dallas County,"01047"
4058479,DeKalb County,"01049"
4060563,Elmore County,"01051"
4060870,Escambia County,"01053"
4060938,Etowah County,"01055"
4061590,Fayette County,"01057"
4063130,Franklin County,"01059"
4063931,Geneva County,"01061"
4065243,Greene County,"01063"
4065796,Hale County,"01065"
4066911,Henry County,"01067"
4068296,Houston County,"01069"
4069472,Jackson County,"01071"
4069696,Jefferson County,"01073"
4071676,Lamar County,"01075"
4071898,Lauderdale County,"01077"
4071959,Lawrence County,"01079"
4072098,Lee County,"01081"
4072707,Limestone County,"01083"
4073885,Lowndes County,"01085"
4074246,Macon County,"01087"
4074277,Madison County,"01089"
4074590,Marengo County,"01091"
4074636,Marion County,"01093"
4074736,Marshall County,"01095"
4076607,Mobile County,"01097"
4076706,Monroe County,"01099"
4076795,Montgomery County,"01101"
4077029,Morgan County,"01103"
4082741,Perry County,"01105"
4082974,Pickens County,"01107"
4083063,Pike County,"01109"
4085418,Randolph County,"01111"
4087481,Saint Clair County,"01115"
4089551,Shelby County,"01117"
4092386,Sumter County,"01119"
4092795,Talladega County,"01121"
4092827,Tallapoosa County,"01123"
4094463,Tuscaloosa County,"01125"
4096107,Walker County,"01127"
4096449,Washington County,"01129"
4097694,Wilcox County,"01131"
4098200,Winston County,"01133"
4099679,Arkansas County,"05001"
4099869,Ashley County,"05003"
4100581,Baxter County,"05005"
4101244,Benton County,"05007"
4102608,Boone County,"05009"
4102799,Bradley County,"05011"
4104063,Calhoun County,"05013"
4104658,Carroll County,"05015"
4105506,Chicot County,"05017"
4105838,Clark County,"05019"
4105899,Clay County,"05021"
4106009,Cleburne County,"05023"
4106032,Cleveland County,"05025"
4106339,Columbia County,"05027"
4106460,Conway County,"05029"
4106979,Craighead County,"05031"
4107027,Crawford County,"05033"
4107079,Crittenden County,"05035"
4107139,Cross County,"05037"
4107572,Dallas County,"05039"
4108100,Desha County,"05041"
4108996,Drew County,"05043"
4110465,Faulkner County,"05045"
4111593,Franklin County,"05047"
4111857,Fulton County,"05049"
4112045,Garland County,"05051"
4112780,Grant County,"05053"
4113088,Greene County,"05055"
4114303,Hempstead County,"05057"
4115406,Hot Spring County,"05059"
4115463,Howard County,"05061"
4115832,Independence County,"05063"
4116178,Izard County,"05065"
4116263,Jackson County,"05067"
4116433,Jefferson County,"05069"
4116689,Johnson County,"05071"
4117774,Lafayette County,"05073"
4118467,Lawrence County,"05075"
4118578,Lee County,"05077"
4118984,Lincoln County,"05079"
4119374,Little River County,"05081"
4119581,Logan County,"05083"
4119825,Lonoke County,"05085"
4120275,Madison County,"05087"
4120525,Marion County,"05089"
4121680,Miller County,"05091"
4121839,Mississippi County,"05093"
4121968,Monroe County,"05095"
4121992,Montgomery County,"05097"
4123415,Nevada County,"05099"
4123857,Newton County,"05101"
4125059,Ouachita County,"05103"
4125858,Perry County,"05105"
4126012,Phillips County,"05107"
4126123,Pike County,"05109"
4126942,Poinsett County,"05111"
4127017,Polk County,"05113"
4127100,Pope County,"05115"
4127330,Prairie County,"05117"
4127619,Pulaski County,"05119"
4127846,Randolph County,"05121"
4129533,Saint Francis County,"05123"
4130035,Saline County,"05125"
4130373,Scott County,"05127"
4130432,Searcy County,"05129"
4130449,Sebastian County,"05131"
4130562,Sevier County,"05133"
4130730,Sharp County,"05135"
4132456,Stone County,"05137"
4134330,Union County,"05139"
4134690,Van Buren County,"05141"
4135394,Washington County,"05143"
4136143,White County,"05145"
4137047,Woodruff County,"05147"
4137268,Yell County,"05149"
4143221,Kent County,"10001"
4143835,New Castle County,"10003"
4144895,Sussex County,"10005"
4145709,Alachua County,"12001"
4146548,Baker County,"12003"
4146810,Bay County,"12005"
4148735,Bradford County,"12007"
4148826,Brevard County,"12009"
4149007,Broward County,"12011"
4149608,Calhoun County,"12013"
4150627,Charlotte County,"12015"
4151140,Citrus County,"12017"
4151245,Clay County,"12019"
4151550,Collier County,"12021"
4151595,Columbia County,"12023"
4152927,DeSoto County,"12027"
4153352,Dixie County,"12029"
4153840,Duval County,"12031"
4154550,Escambia County,"12033"
4155535,Flagler County,"12035"
4156210,Franklin County,"12037"
4156394,Gadsden County,"12039"
4156770,Gilchrist County,"12041"
4156815,Glades County,"12043"
4157652,Gulf County,"12045"
4157924,Hamilton County,"12047"
4158068,Hardee County,"12049"
4158392,Hendry County,"12051"
4158449,Hernando County,"12053"
4158643,Highlands County,"12055"
4158712,Hillsborough County,"12057"
4158961,Holmes County,"12059"
4159657,Indian River County,"12061"
4159990,Jackson County,"12063"
4160118,Jefferson County,"12065"
4161127,Lafayette County,"12067"
4161204,Lake County,"12069"
4161743,Lee County,"12071"
4161831,Leon County,"12073"
4161891,Levy County,"12075"
4161925,Liberty County,"12077"
4163142,Madison County,"12079"
4163277,Manatee County,"12081"
4163456,Marion County,"12083"
4163566,Martin County,"12085"
4164238,Miami-Dade County,"12086"
4164762,Monroe County,"12087"
4165603,Nassau County,"12089"
4166818,Okaloosa County,"12091"
4166825,Okeechobee County,"12093"
4167060,Orange County,"12095"
4167218,Osceola County,"12097"
4167510,Palm Beach County,"12099"
4167895,Pasco County,"12101"
4168618,Pinellas County,"12103"
4168988,Polk County,"12105"
4169471,Putnam County,"12107"
4171153,Saint Johns County,"12109"
4171260,Saint Lucie County,"12111"
4172096,Santa Rosa County,"12113"
4172139,Sarasota County,"12115"
4172445,Seminole County,"12117"
4174301,Sumter County,"12119"
4174543,Suwannee County,"12121"
4174886,Taylor County,"12123"
4176099,Union County,"12125"
4176559,Volusia County,"12127"
4177321,Wakulla County,"12129"
4177409,Walton County,"12131"
4177485,Washington County,"12133"
4180088,Appling County,"13001"
4180432,Atkinson County,"13003"
4180711,Bacon County,"13005"
4180816,Baker County,"13007"
4180872,Baldwin County,"13009"
4180965,Banks County,"13011"
4181182,Barrow County,"13013"
4181218,Bartow County,"13015"
4181955,Ben Hill County,"13017"
4182126,Berrien County,"13019"
4182755,Bibb County,"13021"
4183415,Bleckley County,"13023"
4184153,Brantley County,"13025"
4184557,Brooks County,"13027"
4184899,Bryan County,"13029"
4185202,Bulloch County,"13031"
4185265,Burke County,"13033"
4185484,Butts County,"13035"
4185662,Calhoun County,"13037"
4185838,Camden County,"13039"
4186104,Candler County,"13043"
4186396,Carroll County,"13045"
4186713,Catoosa County,"13047"
4187348,Charlton County,"13049"
4187390,Chatham County,"13051"
4187416,Chattahoochee County,"13053"
4187459,Chattooga County,"13055"
4187535,Cherokee County,"13057"
4188191,Clarke County,"13059"
4188258,Clay County,"13061"
4188291,Clayton County,"13063"
4188433,Clinch County,"13065"
4188547,Cobb County,"13067"
4188653,Coffee County,"13069"
4188937,Colquitt County,"13071"
4188957,Columbia County,"13073"
4189236,Cook County,"13075"
4189828,Coweta County,"13077"
4189924,Crawford County,"13079"
4190062,Crisp County,"13081"
4190530,Dade County,"13083"
4190959,Dawson County,"13085"
4191014,DeKalb County,"13089"
4191127,Decatur County,"13087"
4191654,Dodge County,"13091"
4191760,Dooly County,"13093"
4191903,Dougherty County,"13095"
4191928,Douglas County,"13097"
4192532,Early County,"13099"
4192932,Echols County,"13101"
4193042,Effingham County,"13103"
4193088,Elbert County,"13105"
4193335,Emanuel County,"13107"
4193705,Evans County,"13109"
4194387,Fannin County,"13111"
4194465,Fayette County,"13113"
4195536,Floyd County,"13115"
4195777,Forsyth County,"13117"
4196096,Franklin County,"13119"
4196508,Fulton County,"13121"
4197146,Gilmer County,"13123"
4197240,Glascock County,"13125"
4197388,Glynn County,"13127"
4197608,Gordon County,"13129"
4197807,Grady County,"13131"
4198160,Greene County,"13133"
4198645,Gwinnett County,"13135"
4198688,Habersham County,"13137"
4198821,Hall County,"13139"
4198997,Hancock County,"13141"
4199102,Haralson County,"13143"
4199416,Harris County,"13145"
4199517,Hart County,"13147"
4199820,Heard County,"13149"
4200051,Henry County,"13151"
4201512,Houston County,"13153"
4202266,Irwin County,"13155"
4202453,Jackson County,"13157"
4202638,Jasper County,"13159"
4202662,Jeff Davis County,"13161"
4202678,Jefferson County,"13163"
4202750,Jenkins County,"13165"
4202983,Johnson County,"13167"
4203171,Jones County,"13169"
4204869,Lamar County,"13171"
4205013,Lanier County,"13173"
4205152,Laurens County,"13175"
4205331,Lee County,"13177"
4205615,Liberty County,"13179"
4205780,Lincoln County,"13181"
4207045,Lowndes County,"13185"
4207132,Lumpkin County,"13187"
4207403,Macon County,"13193"
4207451,Madison County,"13195"
4207805,Marion County,"13197"
4208454,McDuffie County,"13189"
4208544,McIntosh County,"13191"
4208945,Meriwether County,"13199"
4209479,Miller County,"13201"
4209744,Mitchell County,"13205"
4209889,Monroe County,"13207"
4209939,Montgomery County,"13209"
4210114,Morgan County,"13211"
4211691,Murray County,"13213"
4211716,Muscogee County,"13215"
4212736,Newton County,"13217"
4213838,Oconee County,"13219"
4213930,Oglethorpe County,"13221"
4214993,Paulding County,"13223"
4215089,Peach County,"13225"
4215637,Pickens County,"13227"
4215697,Pierce County,"13229"
4215755,Pike County,"13231"
4216880,Polk County,"13233"
4217563,Pulaski County,"13235"
4217625,Putnam County,"13237"
4217715,Quitman County,"13239"
4217747,Rabun County,"13241"
4217909,Randolph County,"13243"
4218744,Richmond County,"13245"
4219431,Rockdale County,"13247"
4221659,Schley County,"13249"
4221757,Screven County,"13251"
4221942,Seminole County,"13253"
4223848,Spalding County,"13255"
4224510,Stephens County,"13257"
4224592,Stewart County,"13259"
4225168,Sumter County,"13261"
4225609,Talbot County,"13263"
4225621,Taliaferro County,"13265"
4225814,Tattnall County,"13267"
4225854,Taylor County,"13269"
4225944,Telfair County,"13271"
4226051,Terrell County,"13273"
4226286,Thomas County,"13275"
4226538,Tift County,"13277"
4226802,Toombs County,"13279"
4226924,Towns County,"13281"
4227019,Treutlen County,"13283"
4227166,Troup County,"13285"
4227392,Turner County,"13287"
4227499,Twiggs County,"13289"
4227781,Union County,"13291"
4228098,Upson County,"13293"
4229163,Walker County,"13295"
4229371,Walton County,"13297"
4229446,Ware County,"13299"
4229498,Warren County,"13301"
4229557,Washington County,"13303"
4229782,Wayne County,"13305"
4229882,Webster County,"13307"
4230492,Wheeler County,"13309"
4230595,White County,"13311"
4230822,Whitfield County,"13313"
4230919,Wilcox County,"13315"
4231029,Wilkes County,"13317"
4231046,Wilkinson County,"13319"
4231976,Worth County,"13321"
4232512,Adams County,"17001"
4232592,Alexander County,"17003"
4234184,Bond County,"17005"
4234528,Brown County,"17009"
4235018,Calhoun County,"17013"
4235369,Cass County,"17017"
4235793,Christian County,"17021"
4235954,Clark County,"17023"
4235992,Clay County,"17025"
4236063,Clinton County,"17027"
4236157,Coles County,"17029"
4236576,Crawford County,"17033"
4236738,Cumberland County,"17035"
4237204,Douglas County,"17041"
4237672,Edgar County,"17045"
4237705,Edwards County,"17047"
4237730,Effingham County,"17049"
4238245,Fayette County,"17051"
4238982,Franklin County,"17055"
4239230,Gallatin County,"17059"
4239836,Greene County,"17061"
4240145,Hamilton County,"17065"
4240212,Hardin County,"17069"
4241687,Jackson County,"17077"
4241756,Jasper County,"17079"
4241773,Jefferson County,"17081"
4241818,Jersey County,"17083"
4241904,Johnson County,"17087"
4242758,Lawrence County,"17101"
4243719,Macon County,"17115"
4243727,Macoupin County,"17117"
4243743,Madison County,"17119"
4243907,Marion County,"17121"
4244065,Massac County,"17127"
4244752,Monroe County,"17133"
4244772,Montgomery County,"17135"
4244840,Morgan County,"17137"
4244913,Moultrie County,"17139"
4246841,Perry County,"17145"
4246953,Pike County,"17149"
4247387,Pope County,"17151"
4247655,Pulaski County,"17153"
4247802,Randolph County,"17157"
4248062,Richland County,"17159"
4248751,Saint Clair County,"17163"
4249341,Saline County,"17165"
4249472,Sangamon County,"17167"
4249615,Scott County,"17171"
4249847,Shelby County,"17173"
4251707,Union County,"17181"
4252248,Wabash County,"17185"
4252486,Washington County,"17189"
4252607,Wayne County,"17191"
4252955,White County,"17193"
4253173,Williamson County,"17199"
4254165,Bartholomew County,"18005"
4255024,Brown County,"18013"
4255818,Clark County,"18019"
4255843,Clay County,"18021"
4256259,Crawford County,"18025"
4256468,Daviess County,"18027"
4256516,Decatur County,"18031"
4256524,Dearborn County,"18029"
4256808,Dubois County,"18037"
4257390,Fayette County,"18041"
4257565,Floyd County,"18043"
4257700,Franklin County,"18047"
4257948,Gibson County,"18051"
4258280,Greene County,"18055"
4258477,Hancock County,"18059"
4258587,Harrison County,"18061"
4258778,Hendricks County,"18063"
4258792,Henry County,"18065"
4259572,Jackson County,"18071"
4259654,Jefferson County,"18077"
4259679,Jennings County,"18079"
4259727,Johnson County,"18081"
4259986,Knox County,"18083"
4260213,Lawrence County,"18093"
4260977,Marion County,"18097"
4261020,Martin County,"18101"
4261526,Monroe County,"18105"
4261598,Morgan County,"18109"
4262462,Ohio County,"18115"
4262595,Orange County,"18117"
4262691,Owen County,"18119"
4262785,Parke County,"18121"
4262934,Perry County,"18123"
4263024,Pike County,"18125"
4263298,Posey County,"18129"
4263451,Putnam County,"18133"
4263732,Ripley County,"18137"
4263953,Rush County,"18139"
4264540,Scott County,"18143"
4264684,Shelby County,"18145"
4265152,Spencer County,"18147"
4265509,Sullivan County,"18153"
4265618,Switzerland County,"18155"
4266110,Union County,"18161"
4266235,Vanderburgh County,"18163"
4266252,Vermillion County,"18165"
4266295,Vigo County,"18167"
4266579,Warrick County,"18173"
4266588,Washington County,"18175"
4266673,Wayne County,"18177"
4267492,Allen County,"20001"
4267572,Anderson County,"20003"
4267734,Atchison County,"20005"
4267902,Barber County,"20007"
4267938,Barton County,"20009"
4268552,Bourbon County,"20011"
4268687,Brown County,"20013"
4268899,Butler County,"20015"
4269424,Chase County,"20017"
4269433,Chautauqua County,"20019"
4269459,Cherokee County,"20021"
4269620,Clark County,"20025"
4269648,Clay County,"20027"
4269744,Cloud County,"20029"
4269788,Coffey County,"20031"
4269851,Comanche County,"20033"
4270053,Cowley County,"20035"
4270088,Crawford County,"20037"
4270394,Dickinson County,"20041"
4270436,Doniphan County,"20043"
4270450,Douglas County,"20045"
4270841,Edwards County,"20047"
4270898,Elk County,"20049"
4270937,Ellis County,"20051"
4270946,Ellsworth County,"20053"
4271650,Ford County,"20057"
4271771,Franklin County,"20059"
4272003,Geary County,"20061"
4272234,Graham County,"20065"
4272434,Greenwood County,"20073"
4272662,Harper County,"20077"
4272705,Harvey County,"20079"
4273049,Hodgeman County,"20083"
4273514,Jackson County,"20085"
4273563,Jefferson County,"20087"
4273605,Jewell County,"20089"
4273638,Johnson County,"20091"
4273980,Kingman County,"20095"
4274001,Kiowa County,"20097"
4274089,Labette County,"20099"
4274307,Leavenworth County,"20103"
4274455,Lincoln County,"20105"
4274536,Linn County,"20107"
4274916,Lyon County,"20111"
4275073,Marion County,"20115"
4275111,Marshall County,"20117"
4275266,McPherson County,"20113"
4275428,Miami County,"20121"
4275635,Mitchell County,"20123"
4275684,Montgomery County,"20125"
4275742,Morris County,"20127"
4276120,Nemaha County,"20131"
4276136,Neosho County,"20133"
4276164,Ness County,"20135"
4276454,Norton County,"20137"
4276754,Osage County,"20139"
4276786,Osborne County,"20141"
4276817,Ottawa County,"20143"
4277045,Pawnee County,"20145"
4277173,Phillips County,"20147"
4277604,Pottawatomie County,"20149"
4277733,Pratt County,"20151"
4277972,Reno County,"20155"
4277976,Republic County,"20157"
4277995,Rice County,"20159"
4278061,Riley County,"20161"
4278304,Rooks County,"20163"
4278457,Rush County,"20165"
4278472,Russell County,"20167"
4278895,Saline County,"20169"
4279155,Sedgwick County,"20173"
4279253,Shawnee County,"20177"
4279478,Smith County,"20183"
4279904,Stafford County,"20185"
4280143,Sumner County,"20191"
4280609,Trego County,"20195"
4281087,Wabaunsee County,"20197"
4281258,Washington County,"20201"
4281852,Wilson County,"20205"
4282006,Woodson County,"20207"
4282035,Wyandotte County,"20209"
4282211,Adair County,"21001"
4282393,Allen County,"21003"
4282511,Anderson County,"21005"
4283067,Ballard County,"21007"
4283268,Barren County,"21009"
4283333,Bath County,"21011"
4283814,Bell County,"21013"
4285233,Bourbon County,"21017"
4285302,Boyd County,"21019"
4285317,Boyle County,"21021"
4285325,Bracken County,"21023"
4285423,Breathitt County,"21025"
4285428,Breckinridge County,"21027"
4286176,Bullitt County,"21029"
4286382,Butler County,"21031"
4286500,Caldwell County,"21033"
4286549,Calloway County,"21035"
4286705,Campbell County,"21037"
4286990,Carlisle County,"21039"
4287048,Carroll County,"21041"
4287080,Carter County,"21043"
4287126,Casey County,"21045"
4287749,Christian County,"21047"
4287837,Clark County,"21049"
4287883,Clay County,"21051"
4288063,Clinton County,"21053"
4289074,Crittenden County,"21055"
4289242,Cumberland County,"21057"
4289518,Daviess County,"21059"
4290885,Edmonson County,"21061"
4291095,Elliott County,"21063"
4291280,Estill County,"21065"
4291564,Fayette County,"21067"
4291901,Fleming County,"21069"
4291960,Floyd County,"21071"
4292202,Franklin County,"21073"
4292427,Fulton County,"21075"
4292492,Gallatin County,"21077"
4292570,Garrard County,"21079"
4293148,Grant County,"21081"
4293245,Graves County,"21083"
4293301,Grayson County,"21085"
4293371,Green County,"21087"
4293471,Greenup County,"21089"
4293950,Hancock County,"21091"
4294031,Hardin County,"21093"
4294084,Harlan County,"21095"
4294160,Harrison County,"21097"
4294190,Hart County,"21099"
4294512,Henderson County,"21101"
4294546,Henry County,"21103"
4294628,Hickman County,"21105"
4295247,Hopkins County,"21107"
4296106,Jackson County,"21109"
4296212,Jefferson County,"21111"
4296292,Jessamine County,"21113"
4296508,Johnson County,"21115"
4296902,Kenton County,"21117"
4297180,Knott County,"21119"
4297187,Knox County,"21121"
4297424,Larue County,"21123"
4297480,Laurel County,"21125"
4297576,Lawrence County,"21127"
4297704,Lee County,"21129"
4297902,Leslie County,"21131"
4297909,Letcher County,"21133"
4297955,Lewis County,"21135"
4298293,Lincoln County,"21137"
4298811,Livingston County,"21139"
4298932,Logan County,"21141"
4299595,Lyon County,"21143"
4299665,Madison County,"21151"
4299695,Magoffin County,"21153"
4299849,Marion County,"21155"
4299896,Marshall County,"21157"
4299939,Martin County,"21159"
4300012,Mason County,"21161"
4300244,McCracken County,"21145"
4300249,McCreary County,"21147"
4300401,McLean County,"21149"
4300426,Meade County,"21163"
4300562,Menifee County,"21165"
4300572,Mercer County,"21167"
4300606,Metcalfe County,"21169"
4301192,Monroe County,"21171"
4301216,Montgomery County,"21173"
4301333,Morgan County,"21175"
4301955,Muhlenberg County,"21177"
4302277,Nelson County,"21179"
4302564,Nicholas County,"21181"
4302977,Ohio County,"21183"
4303164,Oldham County,"21185"
4303402,Owen County,"21187"
4303455,Owsley County,"21189"
4303870,Pendleton County,"21191"
4303951,Perry County,"21193"
4304226,Pike County,"21195"
4305121,Powell County,"21197"
4305364,Pulaski County,"21199"
4306340,Robertson County,"21201"
4306470,Rockcastle County,"21203"
4306996,Russell County,"21207"
4307808,Scott County,"21209"
4308112,Shelby County,"21211"
4308447,Simpson County,"21213"
4309179,Spencer County,"21215"
4310601,Taylor County,"21217"
4310988,Todd County,"21219"
4311258,Trigg County,"21221"
4311266,Trimble County,"21223"
4311683,Union County,"21225"
4312732,Warren County,"21227"
4312745,Washington County,"21229"
4312835,Wayne County,"21231"
4312885,Webster County,"21233"
4313367,Whitley County,"21235"
4313865,Wolfe County,"21237"
4313946,Woodford County,"21239"
4314344,Acadia Parish,"22001"
4314607,Allen Parish,"22003"
4315067,Ascension Parish,"22005"
4315120,Assumption Parish,"22007"
4315243,Avoyelles Parish,"22009"
4316112,Beauregard Parish,"22011"
4316721,Bienville Parish,"22013"
4317649,Bossier Parish,"22015"
4318532,Caddo Parish,"22017"
4318583,Calcasieu Parish,"22019"
4318597,Caldwell Parish,"22021"
4318690,Cameron Parish,"22023"
4319276,Catahoula Parish,"22025"
4320117,Claiborne Parish,"22027"
4320594,Concordia Parish,"22029"
4321759,De Soto Parish,"22031"
4323288,East Baton Rouge Parish,"22033"
4323316,East Carroll Parish,"22035"
4323332,East Feliciana Parish,"22037"
4323933,Evangeline Parish,"22039"
4325158,Franklin Parish,"22041"
4326254,Grant Parish,"22043"
4328254,Iberia Parish,"22045"
4328261,Iberville Parish,"22047"
4328854,Jackson Parish,"22049"
4328965,Jefferson Davis Parish,"22053"
4328978,Jefferson Parish,"22051"
4330078,La Salle Parish,"22059"
4330160,Lafayette Parish,"22055"
4330185,Lafourche Parish,"22057"
4330983,Lincoln Parish,"22061"
4331488,Livingston Parish,"22063"
4332258,Madison Parish,"22065"
4333789,Morehouse Parish,"22067"
4334734,Natchitoches Parish,"22069"
4336191,Orleans Parish,"22071"
4336232,Ouachita Parish,"22073"
4337452,Plaquemines Parish,"22075"
4337708,Pointe Coupee Parish,"22077"
4338356,Rapides Parish,"22079"
4338489,Red River Parish,"22081"
4338711,Richland Parish,"22083"
4339354,Sabine Parish,"22085"
4339526,Saint Bernard Parish,"22087"
4339583,Saint Charles Parish,"22089"
4339724,Saint Helena Parish,"22091"
4339793,Saint James Parish,"22093"
4339881,Saint John the Baptist Parish,"22095"
4340045,Saint Landry Parish,"22097"
4340186,Saint Martin Parish,"22099"
4340232,Saint Mary Parish,"22101"
4340579,Saint Tammany Parish,"22103"
4343122,Tangipahoa Parish,"22105"
4343280,Tensas Parish,"22107"
4343313,Terrebonne Parish,"22109"
4344274,Union Parish,"22111"
4344530,Vermilion Parish,"22113"
4344544,Vernon Parish,"22115"
4345509,Washington Parish,"22117"
4345618,Webster Parish,"22119"
4345713,West Baton Rouge Parish,"22121"
4345740,West Carroll Parish,"22123"
4345778,West Feliciana Parish,"22125"
4346451,Winn Parish,"22127"
4347094,Allegany County,"24001"
4347283,Anne Arundel County,"24003"
4347790,Baltimore County,"24005"
4347820,City of Baltimore,"24510"
4350123,Calvert County,"24009"
4350425,Caroline County,"24011"
4350461,Carroll County,"24013"
4350685,Cecil County,"24015"
4351021,Charles County,"24017"
4353543,Dorchester County,"24019"
4355594,Frederick County,"24021"
4355939,Garrett County,"24023"
4357407,Harford County,"24025"
4358598,Howard County,"24027"
4359780,Kent County,"24029"
4362716,Montgomery County,"24031"
4366164,Prince Georges County,"24033"
4366351,Queen Annes County,"24035"
4368320,Saint Marys County,"24037"
4369894,Somerset County,"24039"
4370904,Talbot County,"24041"
4372777,Washington County,"24043"
4373554,Wicomico County,"24045"
4374180,Worcester County,"24047"
4374849,Andrew County,"29003"
4375346,Audrain County,"29007"
4375882,Barry County,"29009"
4375904,Barton County,"29011"
4375954,Bates County,"29013"
4376578,Benton County,"29015"
4377844,Bollinger County,"29017"
4377925,Boone County,"29019"
4378897,Buchanan County,"29021"
4379332,Butler County,"29023"
4379520,Caldwell County,"29025"
4379567,Callaway County,"29027"
4379625,Camden County,"29029"
4379968,Cape Girardeau County,"29031"
4380138,Carroll County,"29033"
4380170,Carter County,"29035"
4380266,Cass County,"29037"
4380498,Cedar County,"29039"
4380961,Chariton County,"29041"
4381179,Christian County,"29043"
4381444,Clay County,"29047"
4381646,Clinton County,"29049"
4381866,Cole County,"29051"
4382297,Cooper County,"29053"
4382777,Crawford County,"29055"
4383206,Dade County,"29057"
4383238,Dallas County,"29059"
4383368,Daviess County,"29061"
4383515,DeKalb County,"29063"
4383752,Dent County,"29065"
4384356,Douglas County,"29067"
4384778,Dunklin County,"29069"
4387172,Franklin County,"29071"
4387701,Gasconade County,"29073"
4388781,Greene County,"29077"
4390169,Henry County,"29083"
4390327,Hickory County,"29085"
4391383,Howard County,"29089"
4391410,Howell County,"29091"
4392025,Iron County,"29093"
4392183,Jackson County,"29095"
4392354,Jasper County,"29097"
4392394,Jefferson County,"29099"
4392606,Johnson County,"29101"
4394029,Laclede County,"29105"
4394055,Lafayette County,"29107"
4394702,Lawrence County,"29109"
4395330,Lincoln County,"29113"
4395428,Linn County,"29115"
4395900,Livingston County,"29117"
4396768,Macon County,"29121"
4396798,Madison County,"29123"
4397100,Maries County,"29125"
4397108,Marion County,"29127"
4397698,McDonald County,"29119"
4398373,Miller County,"29131"
4398638,Mississippi County,"29133"
4398787,Moniteau County,"29135"
4398864,Monroe County,"29137"
4398895,Montgomery County,"29139"
4399052,Morgan County,"29141"
4400430,New Madrid County,"29143"
4400561,Newton County,"29145"
4402012,Oregon County,"29149"
4402051,Osage County,"29151"
4402255,Ozark County,"29153"
4402864,Pemiscot County,"29155"
4402984,Perry County,"29157"
4403095,Pettis County,"29159"
4403116,Phelps County,"29161"
4403228,Pike County,"29163"
4403600,Platte County,"29165"
4404128,Polk County,"29167"
4404807,Pulaski County,"29169"
4405038,Ralls County,"29173"
4405082,Randolph County,"29175"
4405143,Ray County,"29177"
4405470,Reynolds County,"29179"
4405720,Ripley County,"29181"
4406835,Saint Charles County,"29183"
4406842,Saint Clair County,"29185"
4406884,Saint Francois County,"29187"
4407074,Saint Louis County,"29189"
4407084,City of Saint Louis,"29510"
4407295,Sainte Genevieve County,"29186"
4407376,Saline County,"29195"
4407901,Scott County,"29201"
4408228,Shannon County,"29203"
4408345,Shelby County,"29205"
4410296,Stoddard County,"29207"
4410325,Stone County,"29209"
4411205,Taney County,"29213"
4411468,Texas County,"29215"
4413006,Vernon County,"29217"
4413583,Warren County,"29219"
4413630,Washington County,"29221"
4413797,Wayne County,"29223"
4413870,Webster County,"29225"
4415503,Wright County,"29229"
4415912,Adams County,"28001"
4416012,Alcorn County,"28003"
4416182,Amite County,"28005"
4416669,Attala County,"28007"
4417738,Benton County,"28009"
4419012,Bolivar County,"28011"
4420309,Calhoun County,"28013"
4420741,Carroll County,"28015"
4421449,Chickasaw County,"28017"
4421547,Choctaw County,"28019"
4421859,Claiborne County,"28021"
4421913,Clarke County,"28023"
4421964,Clay County,"28025"
4422178,Coahoma County,"28027"
4422700,Copiah County,"28029"
4422907,Covington County,"28031"
4423655,De Soto County,"28033"
4426954,Forrest County,"28035"
4427119,Franklin County,"28037"
4427592,George County,"28039"
4428420,Greene County,"28041"
4428541,Grenada County,"28043"
4428961,Hancock County,"28045"
4429197,Harrison County,"28047"
4429877,Hinds County,"28049"
4430142,Holmes County,"28051"
4430705,Humphreys County,"28053"
4431269,Issaquena County,"28055"
4431274,Itawamba County,"28057"
4431425,Jackson County,"28059"
4431565,Jasper County,"28061"
4431608,Jefferson County,"28063"
4431611,Jefferson Davis County,"28065"
4431982,Jones County,"28067"
4432218,Kemper County,"28069"
4432670,Lafayette County,"28071"
4432922,Lamar County,"28073"
4433028,Lauderdale County,"28075"
4433059,Lawrence County,"28077"
4433110,Leake County,"28079"
4433190,Lee County,"28081"
4433243,Leflore County,"28083"
4433521,Lincoln County,"28085"
4434357,Lowndes County,"28087"
4434666,Madison County,"28089"
4434905,Marion County,"28091"
4434977,Marshall County,"28093"
4436434,Montgomery County,"28097"
4436465,Monroe County,"28095"
4438104,Neshoba County,"28099"
4438827,Newton County,"28101"
4439115,Noxubee County,"28103"
4439581,Oktibbeha County,"28105"
4440232,Panola County,"28107"
4440578,Pearl River County,"28109"
4440794,Perry County,"28111"
4441053,Pike County,"28113"
4442070,Pontotoc County,"28115"
4442374,Prentiss County,"28117"
4442697,Quitman County,"28119"
4442841,Rankin County,"28121"
4445321,Scott County,"28123"
4445678,Sharkey County,"28125"
4446158,Simpson County,"28127"
4446378,Smith County,"28129"
4447325,Stone County,"28131"
4447584,Sunflower County,"28133"
4447911,Tallahatchie County,"28135"
4447998,Tate County,"28137"
4448467,Tippah County,"28139"
4448508,Tishomingo County,"28141"
4448921,Tunica County,"28143"
4449240,Union County,"28145"
4450205,Walthall County,"28147"
4450285,Warren County,"28149"
4450315,Washington County,"28151"
4450432,Wayne County,"28153"
4450493,Webster County,"28155"
4451213,Wilkinson County,"28157"
4451480,Winston County,"28159"
4451779,Yalobusha County,"28161"
4451815,Yazoo County,"28163"
4452290,Alamance County,"37001"
4452352,Alexander County,"37003"
4452391,Alleghany County,"37005"
4452708,Anson County,"37007"
4453028,Ashe County,"37009"
4453232,Avery County,"37011"
4454373,Beaufort County,"37013"
4455071,Bertie County,"37015"
4456243,Bladen County,"37017"
4457580,Brunswick County,"37019"
4458155,Buncombe County,"37021"
4458194,Burke County,"37023"
4458491,Cabarrus County,"37025"
4458601,Caldwell County,"37027"
4458740,Camden County,"37029"
4459410,Carteret County,"37031"
4459547,Caswell County,"37033"
4459575,Catawba County,"37035"
4460324,Chatham County,"37037"
4460366,Cherokee County,"37039"
4460702,Chowan County,"37041"
4460927,Clay County,"37043"
4461030,Cleveland County,"37045"
4461503,Columbus County,"37047"
4462398,Craven County,"37049"
4462716,Cumberland County,"37051"
4462764,Currituck County,"37053"
4462997,Dare County,"37055"
4463056,Davidson County,"37057"
4463078,Davie County,"37059"
4464351,Duplin County,"37061"
4464374,Durham County,"37063"
4464909,Edgecombe County,"37065"
4466900,Forsyth County,"37067"
4467141,Franklin County,"37069"
4467717,Gaston County,"37071"
4467741,Gates County,"37073"
4468538,Graham County,"37075"
4468623,Granville County,"37077"
4469093,Greene County,"37079"
4469393,Guilford County,"37081"
4469619,Halifax County,"37083"
4470002,Harnett County,"37085"
4470398,Haywood County,"37087"
4470576,Henderson County,"37089"
4470729,Hertford County,"37091"
4471487,Hoke County,"37093"
4472505,Hyde County,"37095"
4472769,Iredell County,"37097"
4473029,Jackson County,"37099"
4473631,Johnston County,"37101"
4473713,Jones County,"37103"
4475520,Lee County,"37105"
4475647,Lenoir County,"37107"
4475969,Lincoln County,"37109"
4477724,Macon County,"37113"
4477734,Madison County,"37115"
4478142,Martin County,"37117"
4478581,McDowell County,"37111"
4478884,Mecklenburg County,"37119"
4479817,Mitchell County,"37121"
4479988,Montgomery County,"37123"
4480053,Moore County,"37125"
4481511,Nash County,"37127"
4481757,New Hanover County,"37129"
4482584,Northampton County,"37131"
4483494,Onslow County,"37133"
4483525,Orange County,"37135"
4483897,Pamlico County,"37137"
4484186,Pasquotank County,"37139"
4484498,Pender County,"37141"
4484605,Perquimans County,"37143"
4484671,Person County,"37145"
4485631,Pitt County,"37147"
4486072,Polk County,"37149"
4487127,Randolph County,"37151"
4487947,Richmond County,"37153"
4488351,Robeson County,"37155"
4488575,Rockingham County,"37157"
4489163,Rowan County,"37159"
4489357,Rutherford County,"37161"
4490053,Sampson County,"37163"
4490602,Scotland County,"37165"
4493238,Stanly County,"37167"
4493539,Stokes County,"37169"
4494132,Surry County,"37171"
4494189,Swain County,"37173"
4495544,Transylvania County,"37175"
4496070,Tyrrell County,"37177"
4496196,Union County,"37179"
4496539,Vance County,"37181"
4497286,Wake County,"37183"
4497598,Warren County,"37185"
4497673,Washington County,"37187"
4497707,Watauga County,"37189"
4497859,Wayne County,"37191"
4499127,Wilkes County,"37193"
4499428,Wilson County,"37195"
4500134,Yadkin County,"37197"
4500160,Yancey County,"37199"
4500561,Atlantic County,"34001"
4500994,Burlington County,"34005"
4501019,Camden County,"34007"
4501053,Cape May County,"34009"
4501427,Cumberland County,"34011"
4501944,Gloucester County,"34015"
4503355,Ocean County,"34029"
4503949,Salem County,"34033"
4505006,Adams County,"39001"
4505546,Athens County,"39009"
4507215,Brown County,"39015"
4507568,Butler County,"39017"
4508810,Clark County,"39023"
4508924,Clermont County,"39025"
4508988,Clinton County,"39027"
4511295,Fairfield County,"39045"
4511521,Fayette County,"39047"
4512214,Franklin County,"39049"
4512438,Gallia County,"39053"
4513280,Greene County,"39057"
4513583,Hamilton County,"39061"
4514204,Highland County,"39071"
4514358,Hocking County,"39073"
4515328,Jackson County,"39079"
4516351,Lawrence County,"39087"
4517365,Madison County,"39097"
4518038,Meigs County,"39105"
4518563,Monroe County,"39111"
4518598,Montgomery County,"39113"
4518677,Morgan County,"39115"
4519300,Muskingum County,"39119"
4519808,Noble County,"39121"
4521093,Perry County,"39127"
4521196,Pickaway County,"39129"
4521245,Pike County,"39131"
4521907,Preble County,"39135"
4522889,Ross County,"39141"
4524221,Scioto County,"39145"
4527250,Vinton County,"39163"
4527624,Warren County,"39165"
4527654,Washington County,"39167"
4529106,Adair County,"40001"
4529227,Alfalfa County,"40003"
4529605,Atoka County,"40005"
4530237,Beckham County,"40009"
4530876,Blaine County,"40011"
4531565,Bryan County,"40013"
4531901,Caddo County,"40015"
4532136,Canadian County,"40017"
4532398,Carter County,"40019"
4532932,Cherokee County,"40021"
4533135,Choctaw County,"40023"
4533690,Cleveland County,"40027"
4533759,Coal County,"40029"
4533932,Comanche County,"40031"
4534159,Cotton County,"40033"
4534416,Craig County,"40035"
4534444,Creek County,"40037"
4534674,Custer County,"40039"
4534948,Delaware County,"40041"
4535054,Dewey County,"40043"
4535845,Ellis County,"40045"
4537472,Garfield County,"40047"
4537513,Garvin County,"40049"
4537854,Grady County,"40051"
4537914,Grant County,"40053"
4538074,Greer County,"40055"
4538322,Harmon County,"40057"
4538342,Harper County,"40059"
4538431,Haskell County,"40061"
4539140,Hughes County,"40063"
4539499,Jackson County,"40065"
4539571,Jefferson County,"40067"
4539716,Johnston County,"40069"
4540074,Kay County,"40071"
4540316,Kingfisher County,"40073"
4540342,Kiowa County,"40075"
4540696,Latimer County,"40077"
4540759,Le Flore County,"40079"
4541067,Lincoln County,"40081"
4541599,Logan County,"40083"
4541812,Love County,"40085"
4542080,Major County,"40093"
4542194,Marshall County,"40095"
4542291,Mayes County,"40097"
4542393,McClain County,"40087"
4542417,McCurtain County,"40089"
4542456,McIntosh County,"40091"
4543314,Murray County,"40099"
4543342,Muskogee County,"40101"
4543736,Noble County,"40103"
4544026,Nowata County,"40105"
4544284,Okfuskee County,"40107"
4544356,Oklahoma County,"40109"
4544386,Okmulgee County,"40111"
4547304,Osage County,"40113"
4547357,Ottawa County,"40115"
4547688,Pawnee County,"40117"
4547701,Payne County,"40119"
4548102,Pittsburg County,"40121"
4548292,Pontotoc County,"40123"
4548371,Pottawatomie County,"40125"
4548586,Pushmataha County,"40127"
4549635,Roger Mills County,"40129"
4549638,Rogers County,"40131"
4551046,Seminole County,"40133"
4551067,Sequoyah County,"40135"
4552182,Stephens County,"40137"
4553073,Tillman County,"40141"
4553440,Tulsa County,"40143"
4554551,Wagoner County,"40145"
4554708,Washington County,"40147"
4554753,Washita County,"40149"
4556038,Woods County,"40151"
4556051,Woodward County,"40153"
4556228,Adams County,"42001"
4568959,Abbeville County,"45001"
4569073,Aiken County,"45003"
4569210,Allendale County,"45005"
4569313,Anderson County,"45007"
4569930,Bamberg County,"45009"
4570020,Barnwell County,"45011"
4570292,Beaufort County,"45013"
4570707,Berkeley County,"45015"
4573075,Calhoun County,"45017"
4574328,Charleston County,"45019"
4574428,Cherokee County,"45021"
4574531,Chester County,"45023"
4574554,Chesterfield County,"45025"
4574857,Clarendon County,"45027"
4575230,Colleton County,"45029"
4576323,Darlington County,"45031"
4576657,Dillon County,"45033"
4576822,Dorchester County,"45035"
4577533,Edgefield County,"45037"
4578064,Fairfield County,"45039"
4578745,Florence County,"45041"
4579666,Georgetown County,"45043"
4580549,Greenville County,"45045"
4580575,Greenwood County,"45047"
4580988,Hampton County,"45049"
4582287,Horry County,"45051"
4583318,Jasper County,"45053"
4583989,Kershaw County,"45055"
4584561,Lancaster County,"45057"
4584742,Laurens County,"45059"
4584845,Lee County,"45061"
4585002,Lexington County,"45063"
4586272,Marion County,"45067"
4586301,Marlboro County,"45069"
4586645,McCormick County,"45065"
4589213,Newberry County,"45071"
4589892,Oconee County,"45073"
4590186,Orangeburg County,"45075"
4590954,Pickens County,"45077"
4592843,Richland County,"45079"
4594698,Saluda County,"45081"
4597204,Spartanburg County,"45083"
4597954,Sumter County,"45085"
4599283,Union County,"45087"
4601150,Williamsburg County,"45089"
4601709,York County,"45091"
4602643,Anderson County,"47001"
4605583,Benton County,"47005"
4607097,Bledsoe County,"47007"
4607192,Blount County,"47009"
4608185,Bradley County,"47011"
4611179,Cannon County,"47015"
4611490,Carroll County,"47017"
4611599,Carter County,"47019"
4612891,Cheatham County,"47021"
4613057,Chester County,"47023"
4613750,Claiborne County,"47025"
4613912,Clay County,"47027"
4614441,Cocke County,"47029"
4614466,Coffee County,"47031"
4616263,Crockett County,"47033"
4616678,Cumberland County,"47035"
4617305,Davidson County,"47037"
4617573,DeKalb County,"47041"
4617654,Decatur County,"47039"
4618068,Dickson County,"47043"
4619773,Dyer County,"47045"
4621908,Fayette County,"47047"
4621984,Fentress County,"47049"
4623574,Franklin County,"47051"
4624666,Gibson County,"47053"
4624737,Giles County,"47055"
4625620,Grainger County,"47057"
4626324,Greene County,"47059"
4626743,Grundy County,"47061"
4627251,Hamblen County,"47063"
4627306,Hamilton County,"47065"
4627427,Hancock County,"47067"
4627590,Hardeman County,"47069"
4627625,Hardin County,"47071"
4628325,Hawkins County,"47073"
4628456,Haywood County,"47075"
4628715,Henderson County,"47077"
4628829,Henry County,"47079"
4629047,Hickman County,"47081"
4630950,Houston County,"47083"
4631309,Humphreys County,"47085"
4632660,Jackson County,"47087"
4632934,Jefferson County,"47089"
4633430,Johnson County,"47091"
4634931,Knox County,"47093"
4635138,Lake County,"47095"
4635615,Lauderdale County,"47097"
4635830,Lawrence County,"47099"
4636403,Lewis County,"47101"
4636884,Lincoln County,"47103"
4638283,Loudon County,"47105"
4638991,Macon County,"47111"
4639045,Madison County,"47113"
4639514,Marion County,"47115"
4639630,Marshall County,"47117"
4640041,Maury County,"47119"
4640873,McMinn County,"47107"
4640921,McNairy County,"47109"
4641148,Meigs County,"47121"
4642365,Monroe County,"47123"
4642445,Montgomery County,"47125"
4642600,Moore County,"47127"
4642752,Morgan County,"47129"
4646779,Obion County,"47131"
4647552,Overton County,"47133"
4648830,Perry County,"47135"
4649175,Pickett County,"47137"
4650495,Polk County,"47139"
4651744,Putnam County,"47141"
4652809,Rhea County,"47143"
4653455,Roane County,"47145"
4653638,Robertson County,"47147"
4654962,Rutherford County,"47149"
4656214,Scott County,"47151"
4656461,Sequatchie County,"47153"
4656568,Sevier County,"47155"
4657046,Shelby County,"47157"
4658423,Smith County,"47159"
4660056,Stewart County,"47161"
4660813,Sullivan County,"47163"
4661017,Sumner County,"47165"
4662784,Tipton County,"47167"
4663355,Trousdale County,"47169"
4663934,Unicoi County,"47171"
4664043,Union County,"47173"
4664489,Van Buren County,"47175"
4665884,Warren County,"47177"
4665975,Washington County,"47179"
4666233,Wayne County,"47181"
4666265,Weakley County,"47183"
4667226,White County,"47185"
4668054,Williamson County,"47187"
4668271,Wilson County,"47189"
4670756,Anderson County,"48001"
4670841,Angelina County,"48005"
4671133,Aransas County,"48007"
4671180,Archer County,"48009"
4671531,Atascosa County,"48013"
4671673,Austin County,"48015"
4672172,Bandera County,"48019"
4672581,Bastrop County,"48021"
4672691,Baylor County,"48023"
4673147,Bee County,"48025"
4673310,Bell County,"48027"
4674023,Bexar County,"48029"
4674915,Blanco County,"48031"
4675728,Bosque County,"48035"
4675805,Bowie County,"48037"
4676137,Brazoria County,"48039"
4676153,Brazos County,"48041"
4676547,Brooks County,"48047"
4676632,Brown County,"48049"
4677558,Burleson County,"48051"
4677612,Burnet County,"48053"
4678113,Caldwell County,"48055"
4678165,Calhoun County,"48057"
4678206,Callahan County,"48059"
4678364,Cameron County,"48061"
4678446,Camp County,"48063"
4679435,Cass County,"48067"
4680335,Chambers County,"48071"
4680611,Cherokee County,"48073"
4681782,Clay County,"48077"
4682392,Coleman County,"48083"
4682500,Collin County,"48085"
4682626,Colorado County,"48089"
4682688,Comal County,"48091"
4682707,Comanche County,"48093"
4682862,Concho County,"48095"
4683066,Cooke County,"48097"
4683477,Coryell County,"48099"
4684904,Dallas County,"48113"
4685527,DeWitt County,"48123"
4685841,Delta County,"48119"
4685912,Denton County,"48121"
4686231,Dimmit County,"48127"
4687437,Duval County,"48131"
4688072,Eastland County,"48133"
4688864,Ellis County,"48139"
4689391,Erath County,"48143"
4690103,Falls County,"48145"
4690140,Fannin County,"48147"
4690287,Fayette County,"48149"
4691668,Foard County,"48155"
4691851,Fort Bend County,"48157"
4692203,Franklin County,"48159"
4692377,Freestone County,"48161"
4692545,Frio County,"48163"
4692856,Galveston County,"48167"
4693544,Gillespie County,"48171"
4693922,Goliad County,"48175"
4693951,Gonzales County,"48177"
4694710,Grayson County,"48181"
4695143,Gregg County,"48183"
4695236,Grimes County,"48185"
4695361,Guadalupe County,"48187"
4695945,Hamilton County,"48193"
4696131,Hardeman County,"48197"
4696143,Hardin County,"48199"
4696376,Harris County,"48201"
4696450,Harrison County,"48203"
4696596,Haskell County,"48207"
4696788,Hays County,"48209"
4697070,Henderson County,"48213"
4697444,Hidalgo County,"48215"
4697746,Hill County,"48217"
4698632,Hood County,"48221"
4698747,Hopkins County,"48223"
4699084,Houston County,"48225"
4699487,Hunt County,"48231"
4700414,Jack County,"48237"
4700488,Jackson County,"48239"
4700729,Jasper County,"48241"
4700821,Jefferson County,"48245"
4701059,Jim Hogg County,"48247"
4701084,Jim Wells County,"48249"
4701348,Johnson County,"48251"
4701505,Jones County,"48253"
4702669,Karnes County,"48255"
4702735,Kaufman County,"48257"
4702947,Kendall County,"48259"
4702968,Kenedy County,"48261"
4703071,Kerr County,"48265"
4703256,Kimble County,"48267"
4703486,Kleberg County,"48273"
4703582,Knox County,"48275"
4704157,La Salle County,"48283"
4705086,Lamar County,"48277"
4705179,Lampasas County,"48281"
4705575,Lavaca County,"48285"
4705758,Lee County,"48287"
4705899,Leon County,"48289"
4706143,Liberty County,"48291"
4706335,Limestone County,"48293"
4707076,Live Oak County,"48297"
4707196,Llano County,"48299"
4708691,Madison County,"48313"
4709165,Marion County,"48315"
4709509,Mason County,"48319"
4709580,Matagorda County,"48321"
4709977,McCulloch County,"48307"
4710229,McLennan County,"48309"
4710259,McMullen County,"48311"
4710490,Medina County,"48325"
4710698,Menard County,"48327"
4711286,Milam County,"48331"
4711560,Mills County,"48333"
4711974,Montague County,"48337"
4712041,Montgomery County,"48339"
4712390,Morris County,"48343"
4713738,Nacogdoches County,"48347"
4713849,Navarro County,"48349"
4714720,Newton County,"48351"
4715635,Nueces County,"48355"
4716826,Orange County,"48361"
4717377,Palo Pinto County,"48363"
4717434,Panola County,"48365"
4717644,Parker County,"48367"
4719903,Polk County,"48373"
4721307,Rains County,"48379"
4721747,Real County,"48385"
4721949,Red River County,"48387"
4722147,Refugio County,"48391"
4723147,Robertson County,"48395"
4723410,Rockwall County,"48397"
4724312,Runnels County,"48399"
4724363,Rusk County,"48401"
4724540,Sabine County,"48403"
4726259,San Augustine County,"48405"
4726377,San Jacinto County,"48407"
4726521,San Patricio County,"48409"
4726585,San Saba County,"48411"
4727962,Shackelford County,"48417"
4728231,Shelby County,"48419"
4729130,Smith County,"48423"
4732807,Somervell County,"48425"
4734150,Starr County,"48427"
4734326,Stephens County,"48429"
4735638,Tarrant County,"48439"
4735729,Taylor County,"48441"
4736742,Throckmorton County,"48447"
4736982,Titus County,"48449"
4737316,Travis County,"48453"
4737562,Trinity County,"48455"
4738216,Tyler County,"48457"
4738689,Upshur County,"48459"
4738723,Uvalde County,"48463"
4738915,Van Zandt County,"48467"
4739167,Victoria County,"48469"
4739690,Walker County,"48471"
4739804,Waller County,"48473"
4740157,Washington County,"48477"
4740399,Webb County,"48479"
4741328,Wharton County,"48481"
4741751,Wichita County,"48485"
4741797,Wilbarger County,"48487"
4741939,Willacy County,"48489"
4742143,Williamson County,"48491"
4742425,Wilson County,"48493"
4742676,Wise County,"48497"
4742850,Wood County,"48499"
4743474,Young County,"48503"
4743577,Zapata County,"48505"
4743595,Zavala County,"48507"
4743865,Accomack County,"51001"
4744031,Albemarle County,"51003"
4744106,City of Alexandria,"51510"
4744139,Alleghany County,"51005"
4744308,Amelia County,"51007"
4744328,Amherst County,"51009"
4744616,Appomattox County,"51011"
4744725,Arlington County,"51013"
4745015,Augusta County,"51015"
4745776,Bath County,"51017"
4746270,Bedford County,"51019"
4746289,City of Bedford,"51515"
4747931,Bland County,"51021"
4748452,Botetourt County,"51023"
4749005,City of Bristol,"51520"
4749396,Brunswick County,"51025"
4749535,Buchanan County,"51027"
4749657,Buckingham County,"51029"
4749725,City of Buena Vista,"51530"
4750738,Campbell County,"51031"
4751013,Caroline County,"51033"
4751058,Carroll County,"51035"
4752002,Charles City County,"51036"
4752025,Charlotte County,"51037"
4752046,City of Charlottesville,"51540"
4752215,City of Chesapeake,"51550"
4752255,Chesterfield County,"51041"
4752978,Clarke County,"51043"
4753684,City of Colonial Heights,"51570"
4754373,City of Covington,"51580"
4754544,Craig County,"51045"
4754972,Culpeper County,"51047"
4754992,Cumberland County,"51049"
4755298,City of Danville,"51590"
4755865,Dickenson County,"51051"
4755976,Dinwiddie County,"51053"
4757688,City of Emporia,"51595"
4757844,Essex County,"51057"
4758041,Fairfax County,"51059"
4758109,City of Fairfax,"51600"
4758398,City of Falls Church,"51610"
4758541,Fauquier County,"51061"
4759449,Floyd County,"51063"
4759468,Fluvanna County,"51065"
4759996,Franklin County,"51067"
4760031,City of Franklin,"51620"
4760052,Frederick County,"51069"
4760084,City of Fredericksburg,"51630"
4760382,City of Galax,"51640"
4760832,Giles County,"51071"
4761164,Gloucester County,"51073"
4761280,Goochland County,"51075"
4761913,Grayson County,"51077"
4762187,Greene County,"51079"
4762246,Greensville County,"51081"
4762757,Halifax County,"51083"
4762929,City of Hampton,"51650"
4762988,Hanover County,"51085"
4763237,City of Harrisonburg,"51660"
4763688,Henrico County,"51087"
4763710,Henry County,"51089"
4764100,Highland County,"51091"
4764849,City of Hopewell,"51670"
4766205,Isle of Wight County,"51093"
4766447,James City County,"51095"
4767772,King George County,"51099"
4767790,King William County,"51101"
4767793,King and Queen County,"51097"
4768515,Lancaster County,"51103"
4769028,Lee County,"51105"
4769352,City of Lexington,"51678"
4770746,Loudoun County,"51107"
4770767,Louisa County,"51109"
4771000,Lunenburg County,"51111"
4771099,City of Lynchburg,"51680"
4771240,Madison County,"51113"
4771421,City of Manassas Park,"51685"
4771426,City of Manassas,"51683"
4771819,City of Martinsville,"51690"
4771977,Mathews County,"51115"
4772586,Mecklenburg County,"51117"
4772915,Middlesex County,"51119"
4773711,Montgomery County,"51121"
4775610,Nelson County,"51125"
4775834,New Kent County,"51127"
4776037,City of Newport News,"51700"
4776242,City of Norfolk,"51710"
4776500,Northampton County,"51131"
4776564,Northumberland County,"51133"
4776591,City of Norton,"51720"
4776629,Nottoway County,"51135"
4777457,Orange County,"51137"
4777756,Page County,"51139"
4778096,Patrick County,"51141"
4778642,City of Petersburg,"51730"
4779336,Pittsylvania County,"51143"
4779934,City of Poquoson,"51735"
4780019,City of Portsmouth,"51740"
4780225,Powhatan County,"51145"
4780362,Prince Edward County,"51147"
4780374,Prince George County,"51149"
4780384,Prince William County,"51153"
4780581,Pulaski County,"51155"
4780851,City of Radford,"51750"
4781039,Rappahannock County,"51157"
4781725,Richmond County,"51159"
4781756,City of Richmond,"51760"
4782181,Roanoke County,"51161"
4782241,City of Roanoke,"51770"
4782531,Rockbridge County,"51163"
4782579,Rockingham County,"51165"
4783267,Russell County,"51167"
4784205,City of Salem,"51775"
4784660,Scott County,"51169"
4785252,Shenandoah County,"51171"
4786352,Smyth County,"51173"
4786735,Southampton County,"51175"
4786949,Spotsylvania County,"51177"
4787248,Stafford County,"51179"
4787467,City of Staunton,"51790"
4788160,City of Suffolk,"51800"
4788433,Surry County,"51181"
4788448,Sussex County,"51183"
4788970,Tazewell County,"51185"
4791271,City of Virginia Beach,"51810"
4792238,Warren County,"51187"
4792315,Washington County,"51191"
4792534,City of Waynesboro,"51820"
4793032,Westmoreland County,"51193"
4793872,City of Williamsburg,"51830"
4794134,City of Winchester,"51840"
4794277,Wise County,"51195"
4794827,Wythe County,"51197"
4794943,York County,"51199"
4797875,Barbour County,"54001"
4798686,Berkeley County,"54003"
4799815,Boone County,"54005"
4800020,Braxton County,"54007"
4800996,Cabell County,"54011"
4801086,Calhoun County,"54013"
4802346,Clay County,"54015"
4804155,Doddridge County,"54017"
4805678,Fayette County,"54019"
4806966,Gilmer County,"54021"
4807365,Grant County,"54023"
4807600,Greenbrier County,"54025"
4807996,Hampshire County,"54027"
4808124,Hardy County,"54031"
4808274,Harrison County,"54033"
4810022,Jackson County,"54035"
4810162,Jefferson County,"54037"
4810630,Kanawha County,"54039"
4811999,Lewis County,"54041"
4812303,Lincoln County,"54043"
4812863,Logan County,"54045"
4813754,Marion County,"54049"
4813820,Marshall County,"54051"
4813934,Mason County,"54053"
4814188,McDowell County,"54047"
4814465,Mercer County,"54055"
4815060,Mineral County,"54057"
4815072,Mingo County,"54059"
4815207,Monongalia County,"54061"
4815213,Monroe County,"54063"
4815321,Morgan County,"54065"
4816620,Nicholas County,"54067"
4817892,Pendleton County,"54071"
4818649,Pleasants County,"54073"
4818700,Pocahontas County,"54075"
4819019,Preston County,"54077"
4819197,Putnam County,"54079"
4819310,Raleigh County,"54081"
4819366,Randolph County,"54083"
4820055,Ritchie County,"54085"
4820200,Roane County,"54087"
4823985,Summers County,"54089"
4824403,Taylor County,"54091"
4825147,Tucker County,"54093"
4825407,Tyler County,"54095"
4825733,Upshur County,"54097"
4826596,Wayne County,"54099"
4826636,Webster County,"54101"
4826911,Wetzel County,"54103"
4827540,Wirt County,"54105"
4827706,Wood County,"54107"
4827881,Wyoming County,"54109"
4829092,Bedford County,"47003"
4830868,Autauga County,"01001"
4831207,Baldwin County,"01003"
4831351,Barbour County,"01005"
4831820,Iowa County,"19095"
4834162,Fairfield County,"09001"
4835806,Hartford County,"09003"
4837802,Litchfield County,"09005"
4838627,Middlesex County,"09007"
4839373,New Haven County,"09009"
4839420,New London County,"09011"
4844275,Tolland County,"09013"
4845904,Windham County,"09015"
4846344,Adair County,"19001"
4846362,Adams County,"19003"
4846643,Allamakee County,"19005"
4847063,Appanoose County,"19007"
4847428,Audubon County,"19009"
4848237,Benton County,"19011"
4848699,Black Hawk County,"19013"
4849058,Boone County,"19015"
4849288,Bremer County,"19017"
4849598,Buchanan County,"19019"
4849689,Buena Vista County,"19021"
4849935,Butler County,"19023"
4850031,Calhoun County,"19025"
4850488,Carroll County,"19027"
4850583,Cass County,"19029"
4850676,Cedar County,"19031"
4851093,Cerro Gordo County,"19033"
4851249,Cherokee County,"19035"
4851303,Chickasaw County,"19037"
4851832,Clarke County,"19039"
4851866,Clay County,"19041"
4851902,Clayton County,"19043"
4852032,Clinton County,"19045"
4853012,Crawford County,"19047"
4853335,Dallas County,"19049"
4853465,Davis County,"19051"
4853590,Decatur County,"19053"
4853709,Delaware County,"19055"
4853838,Des Moines County,"19057"
4853961,Dickinson County,"19059"
4854534,Dubuque County,"19061"
4855587,Emmet County,"19063"
4856473,Fayette County,"19065"
4857314,Floyd County,"19067"
4857648,Franklin County,"19069"
4857806,Fremont County,"19071"
4859214,Greene County,"19073"
4859441,Grundy County,"19075"
4859502,Guthrie County,"19077"
4859624,Hamilton County,"19079"
4859678,Hancock County,"19081"
4859771,Hardin County,"19083"
4859901,Harrison County,"19085"
4860353,Henry County,"19087"
4861232,Howard County,"19089"
4861343,Humboldt County,"19091"
4861459,Ida County,"19093"
4862320,Jackson County,"19097"
4862456,Jasper County,"19099"
4862494,Jefferson County,"19101"
4862732,Johnson County,"19103"
4862800,Jones County,"19105"
4863357,Keokuk County,"19107"
4863753,Kossuth County,"19109"
4864395,Lee County,"19111"
4864924,Linn County,"19113"
4865506,Louisa County,"19115"
4865617,Lucas County,"19117"
4865744,Lyon County,"19119"
4865839,Madison County,"19121"
4865894,Mahaska County,"19123"
4866274,Marion County,"19125"
4866360,Marshall County,"19127"
4867477,Mills County,"19129"
4867612,Mitchell County,"19131"
4867704,Monona County,"19133"
4867729,Monroe County,"19135"
4867788,Montgomery County,"19137"
4868410,Muscatine County,"19139"
4869475,OBrien County,"19141"
4870217,Osceola County,"19143"
4870567,Page County,"19145"
4870630,Palo Alto County,"19147"
4871708,Plymouth County,"19149"
4871736,Pocahontas County,"19151"
4871782,Polk County,"19153"
4871894,Pottawattamie County,"19155"
4871919,Poweshiek County,"19157"
4873016,Ringgold County,"19159"
4873899,Sac County,"19161"
4875785,Scott County,"19163"
4876117,Shelby County,"19165"
4876545,Sioux County,"19167"
4877685,Story County,"19169"
4878233,Tama County,"19171"
4878273,Taylor County,"19173"
4879340,Union County,"19175"
4879999,Van Buren County,"19177"
4880625,Wapello County,"19179"
4880695,Warren County,"19181"
4880748,Washington County,"19183"
4881059,Wayne County,"19185"
4881109,Webster County,"19187"
4882231,Winnebago County,"19189"
4882242,Winneshiek County,"19191"
4882396,Woodbury County,"19193"
4882529,Wright County,"19197"
4882561,Worth County,"19195"
4885392,Boone County,"17007"
4885994,Bureau County,"17011"
4886694,Carroll County,"17015"
4887163,Champaign County,"17019"
4888671,Cook County,"17031"
4889548,De Witt County,"17039"
4889554,DeKalb County,"17037"
4890213,DuPage County,"17043"
4892729,Ford County,"17053"
4893313,Fulton County,"17057"
4894828,Grundy County,"17063"
4895035,Hancock County,"17067"
4895552,Henderson County,"17071"
4895598,Henry County,"17073"
4897521,Iroquois County,"17075"
4897897,Jo Daviess County,"17085"
4898166,Kane County,"17089"
4898188,Kankakee County,"17091"
4898342,Kendall County,"17093"
4898722,Knox County,"17095"
4898878,LaSalle County,"17099"
4898998,Lake County,"17097"
4899519,Lee County,"17103"
4900233,Livingston County,"17105"
4900338,Logan County,"17107"
4901299,Marshall County,"17123"
4901395,Mason County,"17125"
4901622,McDonough County,"17109"
4901666,McHenry County,"17111"
4901730,McLean County,"17113"
4901936,Menard County,"17129"
4901976,Mercer County,"17131"
4904601,Ogle County,"17141"
4905697,Peoria County,"17143"
4905877,Piatt County,"17147"
4906962,Putnam County,"17155"
4907910,Rock Island County,"17161"
4910877,Schuyler County,"17169"
4912398,Stark County,"17175"
4912492,Stephenson County,"17177"
4913271,Tazewell County,"17179"
4914710,Vermilion County,"17183"
4915502,Warren County,"17187"
4916434,Whiteside County,"17195"
4916565,Will County,"17197"
4916845,Winnebago County,"17201"
4917010,Woodford County,"17203"
4917487,Adams County,"18001"
4917555,Allen County,"18003"
4917993,Benton County,"18007"
4918181,Blackford County,"18009"
4918273,Boone County,"18011"
4918765,Carroll County,"18015"
4918771,Cass County,"18017"
4919127,Clinton County,"18023"
4919554,DeKalb County,"18033"
4919615,Delaware County,"18035"
4919988,Elkhart County,"18039"
4920444,Fountain County,"18045"
4920550,Fulton County,"18049"
4920875,Grant County,"18053"
4921085,Hamilton County,"18057"
4921670,Howard County,"18067"
4921729,Huntington County,"18069"
4922007,Jasper County,"18073"
4922013,Jay County,"18075"
4922408,Kosciusko County,"18085"
4922458,LaGrange County,"18087"
4922460,LaPorte County,"18091"
4922493,Lake County,"18089"
4923124,Madison County,"18095"
4923252,Marshall County,"18099"
4923517,Miami County,"18103"
4923741,Montgomery County,"18107"
4924165,Newton County,"18111"
4924192,Noble County,"18113"
4925020,Porter County,"18127"
4925155,Pulaski County,"18131"
4925224,Randolph County,"18135"
4925848,Saint Joseph County,"18141"
4926760,Starke County,"18149"
4926796,Steuben County,"18151"
4927230,Tippecanoe County,"18157"
4927243,Tipton County,"18159"
4927751,Wabash County,"18169"
4927846,Warren County,"18171"
4928008,Wells County,"18179"
4928184,White County,"18181"
4928215,Whitley County,"18183"
4929772,Barnstable County,"25001"
4930396,Berkshire County,"25003"
4931378,Bristol County,"25005"
4935156,Dukes County,"25007"
4935951,Essex County,"25009"
4937280,Franklin County,"25011"
4938741,Hampden County,"25013"
4938757,Hampshire County,"25015"
4943909,Middlesex County,"25017"
4944911,Nantucket County,"25019"
4945455,Norfolk County,"25021"
4947607,Plymouth County,"25023"
4952349,Suffolk County,"25025"
4956199,Worcester County,"25027"
4956755,Androscoggin County,"23001"
4956873,Aroostook County,"23003"
4961900,Cumberland County,"23005"
4964821,Franklin County,"23007"
4966407,Hancock County,"23009"
4968714,Kennebec County,"23011"
4968996,Knox County,"23013"
4969555,Lincoln County,"23015"
4974522,Oxford County,"23017"
4974977,Penobscot County,"23019"
4975418,Piscataquis County,"23021"
4977278,Sagadahoc County,"23023"
4978972,Somerset County,"23025"
4982040,Waldo County,"23027"
4982182,Washington County,"23029"
4983621,York County,"23031"
4983917,Alcona County,"26001"
4983956,Alger County,"26003"
4983990,Allegan County,"26005"
4984076,Alpena County,"26007"
4984284,Antrim County,"26009"
4984356,Arenac County,"26011"
4984903,Baraga County,"26013"
4985016,Barry County,"26015"
4985190,Bay County,"26017"
4985733,Benzie County,"26019"
4985760,Berrien County,"26021"
4986828,Branch County,"26023"
4987673,Calhoun County,"26025"
4988216,Cass County,"26027"
4988577,Charlevoix County,"26029"
4988619,Cheboygan County,"26031"
4988755,Chippewa County,"26033"
4988934,Clare County,"26035"
4989135,Clinton County,"26037"
4989916,Crawford County,"26039"
4990662,Delta County,"26041"
4990845,Dickinson County,"26043"
4991746,Eaton County,"26045"
4992137,Emmet County,"26047"
4993785,Genesee County,"26049"
4993986,Gladwin County,"26051"
4994090,Gogebic County,"26053"
4994374,Grand Traverse County,"26055"
4994537,Gratiot County,"26057"
4996110,Hillsdale County,"26059"
4996573,Houghton County,"26061"
4996859,Huron County,"26063"
4997130,Ingham County,"26065"
4997193,Ionia County,"26067"
4997201,Iosco County,"26069"
4997220,Iron County,"26071"
4997272,Isabella County,"26073"
4997389,Jackson County,"26075"
4997791,Kalamazoo County,"26077"
4997807,Kalkaska County,"26079"
4998005,Kent County,"26081"
4998067,Keweenaw County,"26083"
4998535,Lake County,"26085"
4998845,Lapeer County,"26087"
4999022,Leelanau County,"26089"
4999081,Lenawee County,"26091"
4999829,Livingston County,"26093"
5000297,Luce County,"26095"
5000447,Mackinac County,"26097"
5000477,Macomb County,"26099"
5000612,Manistee County,"26101"
5000950,Marquette County,"26103"
5001099,Mason County,"26105"
5001594,Mecosta County,"26107"
5001670,Menominee County,"26109"
5001932,Midland County,"26111"
5002231,Missaukee County,"26113"
5002348,Monroe County,"26115"
5002390,Montcalm County,"26117"
5002394,Montmorency County,"26119"
5003136,Muskegon County,"26121"
5003426,Newaygo County,"26123"
5004223,Oakland County,"26125"
5004294,Oceana County,"26127"
5004326,Ogemaw County,"26129"
5004521,Ontonagon County,"26131"
5004611,Osceola County,"26133"
5004616,Oscoda County,"26135"
5004659,Otsego County,"26137"
5004681,Ottawa County,"26139"
5006470,Presque Isle County,"26141"
5007587,Roscommon County,"26143"
5007996,Saginaw County,"26145"
5008112,Saint Clair County,"26147"
5008347,Saint Joseph County,"26149"
5008950,Sanilac County,"26151"
5009187,Schoolcraft County,"26153"
5009706,Shiawassee County,"26155"
5012748,Tuscola County,"26157"
5013104,Van Buren County,"26159"
5014120,Washtenaw County,"26161"
5014227,Wayne County,"26163"
5014729,Wexford County,"26165"
5015979,Aitkin County,"27001"
5016452,Anoka County,"27003"
5017670,Becker County,"27005"
5017805,Beltrami County,"27007"
5017916,Benton County,"27009"
5018364,Big Stone County,"27011"
5018756,Blue Earth County,"27013"
5019385,Brown County,"27015"
5020429,Carlton County,"27017"
5020499,Carver County,"27019"
5020546,Cass County,"27021"
5021038,Chippewa County,"27023"
5021070,Chisago County,"27025"
5021444,Clay County,"27027"
5021535,Clearwater County,"27029"
5021977,Cook County,"27031"
5022154,Cottonwood County,"27033"
5023545,Crow Wing County,"27035"
5023752,Dakota County,"27037"
5024432,Dodge County,"27039"
5024544,Douglas County,"27041"
5026292,Faribault County,"27043"
5026478,Fillmore County,"27045"
5027399,Freeborn County,"27047"
5028232,Goodhue County,"27049"
5028615,Grant County,"27051"
5029877,Hennepin County,"27053"
5030806,Houston County,"27055"
5030862,Hubbard County,"27057"
5031493,Isanti County,"27059"
5031616,Itasca County,"27061"
5031682,Jackson County,"27063"
5032855,Kanabec County,"27065"
5032867,Kandiyohi County,"27067"
5033353,Kittson County,"27069"
5033463,Koochiching County,"27071"
5033637,Lac qui Parle County,"27073"
5033738,Lake County,"27075"
5033955,Lake of the Woods County,"27077"
5034327,Le Sueur County,"27079"
5034652,Lincoln County,"27081"
5036131,Lyon County,"27083"
5036279,Mahnomen County,"27087"
5036734,Marshall County,"27089"
5036797,Martin County,"27091"
5037083,McLeod County,"27085"
5037200,Meeker County,"27093"
5037515,Mille Lacs County,"27095"
5038318,Morrison County,"27097"
5038458,Mower County,"27099"
5038801,Murray County,"27101"
5039249,Nicollet County,"27103"
5039323,Nobles County,"27105"
5039381,Norman County,"27107"
5040211,Olmsted County,"27109"
5040515,Otter Tail County,"27111"
5041121,Pennington County,"27113"
5041542,Pine County,"27115"
5041756,Pipestone County,"27117"
5041970,Polk County,"27119"
5042066,Pope County,"27121"
5042563,Ramsey County,"27123"
5042730,Red Lake County,"27125"
5042847,Redwood County,"27127"
5042928,Renville County,"27129"
5043007,Rice County,"27131"
5043502,Rock County,"27133"
5043753,Roseau County,"27135"
5045020,Saint Louis County,"27137"
5046749,Scott County,"27139"
5047121,Sherburne County,"27141"
5047260,Sibley County,"27143"
5048685,Stearns County,"27145"
5048696,Steele County,"27147"
5048759,Stevens County,"27149"
5049534,Swift County,"27151"
5050162,Todd County,"27153"
5050331,Traverse County,"27155"
5051601,Wabasha County,"27157"
5051662,Wadena County,"27159"
5051907,Waseca County,"27161"
5051936,Washington County,"27163"
5052059,Watonwan County,"27165"
5052862,Wilkin County,"27167"
5053164,Winona County,"27169"
5053485,Wright County,"27171"
5053562,Yellow Medicine County,"27173"
5053853,Adair County,"29001"
5053940,Atchison County,"29005"
5054481,Clark County,"29045"
5055119,Gentry County,"29075"
5055285,Grundy County,"29079"
5055359,Harrison County,"29081"
5055521,Holt County,"29087"
5055806,Knox County,"29103"
5055902,Lewis County,"29111"
5056253,Mercer County,"29129"
5056549,Nodaway County,"29147"
5056963,Putnam County,"29171"
5057186,Schuyler County,"29197"
5057190,Scotland County,"29199"
5057455,Sullivan County,"29211"
5057952,Worth County,"29227"
5058187,Barnes County,"38003"
5058251,Benson County,"38005"
5058559,Cass County,"38017"
5058571,Cavalier County,"38019"
5058882,Dickey County,"38021"
5058990,Eddy County,"38027"
5059254,Foster County,"38031"
5059430,Grand Forks County,"38035"
5059489,Griggs County,"38039"
5059961,Kidder County,"38043"
5060009,LaMoure County,"38045"
5060192,Logan County,"38047"
5060360,McIntosh County,"38051"
5060593,Nelson County,"38063"
5060890,Pembina County,"38067"
5061063,Ramsey County,"38071"
5061068,Ransom County,"38073"
5061114,Richland County,"38077"
5061157,Rolette County,"38079"
5061439,Sargent County,"38081"
5062037,Steele County,"38091"
5062096,Stutsman County,"38093"
5062209,Towner County,"38095"
5062211,Traill County,"38097"
5062384,Walsh County,"38099"
5062441,Wells County,"38103"
5062699,Adams County,"31001"
5063023,Antelope County,"31003"
5064222,Blaine County,"31009"
5064432,Boone County,"31011"
5064500,Boyd County,"31015"
5064663,Brown County,"31017"
5064837,Buffalo County,"31019"
5064925,Burt County,"31021"
5064961,Butler County,"31023"
5065267,Cass County,"31025"
5065306,Cedar County,"31027"
5065828,Clay County,"31035"
5065953,Colfax County,"31037"
5066574,Cuming County,"31039"
5066605,Custer County,"31041"
5066642,Dakota County,"31043"
5066750,Dawson County,"31047"
5067019,Dixon County,"31051"
5067039,Dodge County,"31053"
5067114,Douglas County,"31055"
5068222,Fillmore County,"31059"
5068649,Franklin County,"31061"
5068841,Furnas County,"31065"
5068853,Gage County,"31067"
5068888,Garfield County,"31071"
5069211,Gosper County,"31073"
5069397,Greeley County,"31077"
5069587,Hall County,"31079"
5069604,Hamilton County,"31081"
5069693,Harlan County,"31083"
5070270,Holt County,"31089"
5070443,Howard County,"31093"
5070975,Jefferson County,"31095"
5071072,Johnson County,"31097"
5071364,Kearney County,"31099"
5071580,Knox County,"31107"
5071741,Lancaster County,"31109"
5072388,Loup County,"31115"
5072535,Madison County,"31119"
5072973,Merrick County,"31121"
5073611,Nance County,"31125"
5073780,Nemaha County,"31127"
5074208,Nuckolls County,"31129"
5074642,Otoe County,"31131"
5074895,Pawnee County,"31133"
5075078,Phelps County,"31137"
5075153,Pierce County,"31139"
5075315,Platte County,"31141"
5075605,Polk County,"31143"
5076190,Richardson County,"31147"
5076351,Rock County,"31149"
5077506,Saline County,"31151"
5077695,Sarpy County,"31153"
5077708,Saunders County,"31155"
5078798,Seward County,"31159"
5078904,Sherman County,"31163"
5079543,Stanton County,"31167"
5080164,Thayer County,"31169"
5080274,Thurston County,"31173"
5081000,Valley County,"31175"
5081383,Washington County,"31177"
5081458,Wayne County,"31179"
5081496,Webster County,"31181"
5081776,Wheeler County,"31183"
5082335,York County,"31185"
5083273,Belknap County,"33001"
5084247,Carroll County,"33003"
5084505,Cheshire County,"33005"
5084973,Coos County,"33007"
5086767,Grafton County,"33009"
5087463,Hillsborough County,"33011"
5089480,Merrimack County,"33013"
5091860,Rockingham County,"33015"
5093237,Strafford County,"33017"
5093334,Sullivan County,"33019"
5095598,Bergen County,"34003"
5097707,Essex County,"34013"
5099357,Hudson County,"34017"
5099381,Hunterdon County,"34019"
5101090,Mercer County,"34021"
5101160,Middlesex County,"34023"
5101305,Monmouth County,"34025"
5101405,Morris County,"34027"
5102445,Passaic County,"34031"
5104759,Somerset County,"34035"
5105168,Sussex County,"34037"
5105640,Union County,"34039"
5106044,Warren County,"34041"
5106841,Albany County,"36001"
5106997,Allegany County,"36003"
5110253,Bronx County,"36005"
5110365,Broome County,"36007"
5111846,Cattaraugus County,"36009"
5111868,Cayuga County,"36011"
5112358,Chautauqua County,"36013"
5112392,Chemung County,"36015"
5112398,Chenango County,"36017"
5112977,Clinton County,"36019"
5113366,Columbia County,"36021"
5113792,Cortland County,"36023"
5114810,Delaware County,"36025"
5115580,Dutchess County,"36027"
5116642,Erie County,"36029"
5116680,Essex County,"36031"
5117867,Franklin County,"36033"
5118116,Fulton County,"36035"
5118380,Genesee County,"36037"
5119355,Greene County,"36039"
5119847,Hamilton County,"36041"
5120548,Herkimer County,"36043"
5122581,Jefferson County,"36045"
5124290,Lewis County,"36049"
5124928,Livingston County,"36051"
5125630,Madison County,"36053"
5127305,Monroe County,"36055"
5127354,Montgomery County,"36057"
5128316,Nassau County,"36059"
5128594,New York County,"36061"
5128734,Niagara County,"36063"
5129832,Oneida County,"36065"
5129867,Onondaga County,"36067"
5129891,Ontario County,"36069"
5129915,Orange County,"36071"
5129995,Orleans County,"36073"
5130076,Oswego County,"36075"
5130111,Otsego County,"36077"
5133166,Putnam County,"36079"
5133268,Queens County,"36081"
5133668,Rensselaer County,"36083"
5134189,Rockland County,"36087"
5135484,St. Lawrence County,"36089"
5136325,Saratoga County,"36091"
5136456,Schenectady County,"36093"
5136495,Schoharie County,"36095"
5137368,Schuyler County,"36097"
5137620,Seneca County,"36099"
5139559,Richmond County,"36085"
5139656,Steuben County,"36101"
5140076,Suffolk County,"36103"
5140135,Sullivan County,"36105"
5141045,Tioga County,"36107"
5141153,Tompkins County,"36109"
5141784,Ulster County,"36111"
5143268,Warren County,"36113"
5143303,Washington County,"36115"
5143455,Wayne County,"36117"
5144050,Westchester County,"36119"
5145163,Wyoming County,"36121"
5145190,Yates County,"36123"
5145576,Allen County,"39003"
5146062,Ashland County,"39005"
5146092,Ashtabula County,"39007"
5146199,Auglaize County,"39011"
5147012,Belmont County,"39013"
5149311,Carroll County,"39019"
5149757,Champaign County,"39021"
5150853,Columbiana County,"39029"
5151190,Coshocton County,"39031"
5151374,Crawford County,"39033"
5151606,Cuyahoga County,"39035"
5151705,Darke County,"39037"
5151865,Defiance County,"39039"
5151896,Delaware County,"39041"
5153362,Erie County,"39043"
5155347,Fulton County,"39051"
5155556,Geauga County,"39055"
5156615,Guernsey County,"39059"
5156770,Hancock County,"39063"
5156844,Hardin County,"39065"
5156975,Harrison County,"39067"
5157338,Henry County,"39069"
5157783,Holmes County,"39075"
5158275,Huron County,"39077"
5159079,Jefferson County,"39081"
5159891,Knox County,"39083"
5160090,Lake County,"39085"
5160740,Licking County,"39089"
5161156,Logan County,"39091"
5161272,Lorain County,"39093"
5161413,Lucas County,"39095"
5161640,Mahoning County,"39099"
5161911,Marion County,"39101"
5162517,Medina County,"39103"
5162679,Mercer County,"39107"
5162774,Miami County,"39109"
5163509,Morrow County,"39117"
5165803,Ottawa County,"39123"
5166256,Paulding County,"39125"
5167284,Portage County,"39133"
5167574,Putnam County,"39137"
5168041,Richland County,"39139"
5170698,Sandusky County,"39143"
5171643,Seneca County,"39147"
5171871,Shelby County,"39149"
5172936,Stark County,"39151"
5173386,Summit County,"39153"
5174418,Trumbull County,"39155"
5174499,Tuscarawas County,"39157"
5174669,Union County,"39159"
5175012,Van Wert County,"39161"
5175898,Wayne County,"39169"
5176872,Williams County,"39171"
5177229,Wood County,"39173"
5177434,Wyandot County,"39175"
5178040,Allegheny County,"42003"
5178515,Armstrong County,"42005"
5179454,Beaver County,"42007"
5179633,Bedford County,"42009"
5180052,Berks County,"42011"
5180809,Blair County,"42013"
5181416,Bradford County,"42015"
5182201,Bucks County,"42017"
5182539,Butler County,"42019"
5182829,Cambria County,"42021"
5182858,Cameron County,"42023"
5183193,Carbon County,"42025"
5183763,Centre County,"42027"
5184079,Chester County,"42029"
5184423,Clarion County,"42031"
5184546,Clearfield County,"42033"
5184630,Clinton County,"42035"
5185032,Columbia County,"42037"
5185801,Crawford County,"42039"
5186106,Cumberland County,"42041"
5186395,Dauphin County,"42043"
5186677,Delaware County,"42045"
5188486,Elk County,"42047"
5188847,Erie County,"42049"
5189414,Fayette County,"42051"
5189967,Forest County,"42053"
5190337,Franklin County,"42055"
5190669,Fulton County,"42057"
5191994,Greene County,"42059"
5194592,Huntingdon County,"42061"
5194872,Indiana County,"42063"
5195307,Jefferson County,"42065"
5195677,Juniata County,"42067"
5196674,Lackawanna County,"42069"
5197085,Lancaster County,"42071"
5197440,Lawrence County,"42073"
5197522,Lebanon County,"42075"
5197646,Lehigh County,"42077"
5199309,Luzerne County,"42079"
5199318,Lycoming County,"42081"
5200448,McKean County,"42083"
5200801,Mercer County,"42085"
5201068,Mifflin County,"42087"
5201707,Monroe County,"42089"
5201756,Montgomery County,"42091"
5201786,Montour County,"42093"
5203809,Northampton County,"42095"
5203860,Northumberland County,"42097"
5205669,Perry County,"42099"
5205788,Philadelphia County,"42101"
5205930,Pike County,"42103"
5207042,Potter County,"42105"
5211208,Schuylkill County,"42107"
5212772,Snyder County,"42109"
5212857,Somerset County,"42111"
5214721,Sullivan County,"42113"
5214915,Susquehanna County,"42115"
5215684,Tioga County,"42117"
5216649,Union County,"42119"
5217142,Venango County,"42121"
5217991,Warren County,"42123"
5218076,Washington County,"42125"
5218273,Wayne County,"42127"
5219013,Westmoreland County,"42129"
5220239,Wyoming County,"42131"
5220355,York County,"42133"
5221078,Bristol County,"44001"
5222961,Kent County,"44003"
5223601,Newport County,"44005"
5224162,Providence County,"44007"
5225535,Washington County,"44009"
5226093,Aurora County,"46003"
5226183,Beadle County,"46005"
5226441,Bon Homme County,"46009"
5226536,Brookings County,"46011"
5226553,Brown County,"46013"
5226565,Brule County,"46015"
5226588,Buffalo County,"46017"
5226849,Charles Mix County,"46023"
5226904,Clark County,"46025"
5226970,Codington County,"46029"
5226973,Clay County,"46027"
5227222,Davison County,"46035"
5227240,Day County,"46037"
5227295,Deuel County,"46039"
5227372,Douglas County,"46043"
5227535,Edmunds County,"46045"
5227752,Faulk County,"46049"
5228179,Grant County,"46051"
5228223,Gregory County,"46053"
5228291,Hamlin County,"46057"
5228302,Hand County,"46059"
5228308,Hanson County,"46061"
5228654,Hughes County,"46065"
5228688,Hutchinson County,"46067"
5228693,Hyde County,"46069"
5228817,Jerauld County,"46073"
5228997,Kingsbury County,"46077"
5229128,Lake County,"46079"
5229313,Lincoln County,"46083"
5229494,Lyman County,"46085"
5229574,Marshall County,"46091"
5229622,McCook County,"46087"
5229653,McPherson County,"46089"
5229775,Miner County,"46097"
5229782,Minnehaha County,"46099"
5229837,Moody County,"46101"
5230591,Potter County,"46107"
5230872,Roberts County,"46109"
5231251,Sanborn County,"46111"
5231992,Spink County,"46115"
5232417,Tripp County,"46123"
5232458,Turner County,"46125"
5232511,Union County,"46127"
5232702,Walworth County,"46129"
5233056,Yankton County,"46135"
5233146,Addison County,"50001"
5233748,Bennington County,"50003"
5234484,Caledonia County,"50005"
5234861,Chittenden County,"50007"
5235945,Essex County,"50009"
5236279,Franklin County,"50011"
5236542,Grand Isle County,"50013"
5237839,Lamoille County,"50015"
5239504,Orange County,"50017"
5239520,Orleans County,"50019"
5240516,Rutland County,"50021"
5242529,Washington County,"50023"
5243051,Windham County,"50025"
5243062,Windsor County,"50027"
5243559,Adams County,"55001"
5244249,Ashland County,"55003"
5244742,Barron County,"55005"
5244967,Bayfield County,"55007"
5246898,Brown County,"55009"
5247108,Buffalo County,"55011"
5247230,Burnett County,"55013"
5247444,Calumet County,"55015"
5248507,Chippewa County,"55017"
5248812,Clark County,"55019"
5249193,Columbia County,"55021"
5249701,Crawford County,"55023"
5250074,Dane County,"55025"
5250710,Dodge County,"55027"
5250768,Door County,"55029"
5250831,Douglas County,"55031"
5251040,Dunn County,"55033"
5251439,Eau Claire County,"55035"
5253306,Florence County,"55037"
5253356,Fond du Lac County,"55039"
5253400,Forest County,"55041"
5254832,Grant County,"55043"
5254978,Green County,"55045"
5255015,Green Lake County,"55047"
5257509,Iowa County,"55049"
5257533,Iron County,"55051"
5257673,Jackson County,"55053"
5257788,Jefferson County,"55055"
5258193,Juneau County,"55057"
5258396,Kenosha County,"55059"
5258491,Kewaunee County,"55061"
5258961,La Crosse County,"55063"
5259061,Lafayette County,"55065"
5259487,Langlade County,"55067"
5259991,Lincoln County,"55069"
5261587,Manitowoc County,"55071"
5261790,Marathon County,"55073"
5261856,Marinette County,"55075"
5261914,Marquette County,"55077"
5262622,Menominee County,"55078"
5263058,Milwaukee County,"55079"
5263335,Monroe County,"55081"
5265518,Oconto County,"55083"
5265726,Oneida County,"55085"
5266044,Outagamie County,"55087"
5266102,Ozaukee County,"55089"
5266547,Pepin County,"55091"
5266878,Pierce County,"55093"
5267654,Polk County,"55095"
5267787,Portage County,"55097"
5268067,Price County,"55099"
5268253,Racine County,"55101"
5268859,Richland County,"55103"
5269209,Rock County,"55105"
5269777,Rusk County,"55107"
5270199,Saint Croix County,"55109"
5272232,Sauk County,"55111"
5272272,Sawyer County,"55113"
5272875,Shawano County,"55115"
5272899,Sheboygan County,"55117"
5275451,Taylor County,"55119"
5276086,Trempealeau County,"55121"
5277134,Vernon County,"55123"
5277222,Vilas County,"55125"
5277773,Walworth County,"55127"
5277858,Washburn County,"55129"
5277887,Washington County,"55131"
5278054,Waukesha County,"55133"
5278089,Waupaca County,"55135"
5278147,Waushara County,"55137"
5279387,Winnebago County,"55139"
5279557,Wood County,"55141"
5280114,Brooke County,"54009"
5280351,Hancock County,"54029"
5280563,Ohio County,"54069"
5290270,Cochise County,"04003"
5290307,Coconino County,"04005"
5295877,Gila County,"04007"
5296368,Graham County,"04009"
5296837,Greenlee County,"04011"
5301323,La Paz County,"04012"
5303754,Maricopa County,"04013"
5305206,Mohave County,"04015"
5306233,Navajo County,"04017"
5308878,Pima County,"04019"
5308916,Pinal County,"04021"
5313135,Santa Cruz County,"04023"
5321860,Yavapai County,"04025"
5322057,Yuma County,"04027"
5322745,Alameda County,"06001"
5323414,Alpine County,"06003"
5323622,Amador County,"06005"
5332191,Butte County,"06007"
5332628,Calaveras County,"06009"
5338872,Colusa County,"06011"
5339268,Contra Costa County,"06013"
5345659,El Dorado County,"06017"
5350964,Fresno County,"06019"
5352462,Glenn County,"06021"
5359067,Imperial County,"06025"
5359604,Inyo County,"06027"
5362932,Kern County,"06029"
5363385,Kings County,"06031"
5364466,Lake County,"06033"
5368381,Los Angeles County,"06037"
5369578,Madera County,"06039"
5370468,Marin County,"06041"
5370594,Mariposa County,"06043"
5372163,Mendocino County,"06045"
5372259,Merced County,"06047"
5374091,Mono County,"06051"
5374376,Monterey County,"06053"
5376101,Napa County,"06055"
5376509,Nevada County,"06057"
5379524,Orange County,"06059"
5383537,Placer County,"06061"
5383832,Plumas County,"06063"
5387890,Riverside County,"06065"
5389519,Sacramento County,"06067"
5391692,San Benito County,"06069"
5391726,San Bernardino County,"06071"
5391832,San Diego County,"06073"
5391997,City and County of San Francisco,"06075"
5392126,San Joaquin County,"06077"
5392329,San Luis Obispo County,"06079"
5392427,San Mateo County,"06081"
5392967,Santa Barbara County,"06083"
5393021,Santa Clara County,"06085"
5393068,Santa Cruz County,"06087"
5395582,Sierra County,"06091"
5396987,Solano County,"06095"
5397100,Sonoma County,"06097"
5398597,Stanislaus County,"06099"
5400390,Sutter County,"06101"
5403789,Tulare County,"06107"
5403973,Tuolumne County,"06109"
5405889,Ventura County,"06111"
5410882,Yolo County,"06113"
5411026,Yuba County,"06115"
5411363,Adams County,"08001"
5412056,Arapahoe County,"08005"
5412082,Archuleta County,"08007"
5412453,Baca County,"08009"
5413481,Bent County,"08011"
5415040,Broomfield County,"08014"
5416621,Chaffee County,"08015"
5416840,Cheyenne County,"08017"
5417183,Clear Creek County,"08019"
5417799,Conejos County,"08021"
5418130,Costilla County,"08023"
5418687,Crowley County,"08025"
5418854,Custer County,"08027"
5419338,Delta County,"08029"
5419396,Denver County,"08031"
5419761,Dolores County,"08033"
5419891,Douglas County,"08035"
5420332,Eagle County,"08037"
5420926,El Paso County,"08041"
5420936,Elbert County,"08039"
5422448,Fremont County,"08043"
5422751,Garfield County,"08045"
5422987,Gilpin County,"08047"
5424092,Gunnison County,"08051"
5425136,Hinsdale County,"08053"
5425737,Huerfano County,"08055"
5426503,Jefferson County,"08059"
5427500,Kiowa County,"08061"
5427526,Kit Carson County,"08063"
5427717,La Plata County,"08067"
5427799,Lake County,"08065"
5428059,Las Animas County,"08071"
5428518,Lincoln County,"08073"
5430806,Mesa County,"08077"
5431333,Mineral County,"08079"
5431680,Montezuma County,"08083"
5431716,Montrose County,"08085"
5433658,Otero County,"08089"
5433677,Ouray County,"08091"
5433959,Park County,"08093"
5434773,Pitkin County,"08097"
5435436,Prowers County,"08099"
5435465,Pueblo County,"08101"
5436472,Rio Blanco County,"08103"
5436477,Rio Grande County,"08105"
5437350,Saguache County,"08109"
5437668,San Juan County,"08111"
5437707,San Miguel County,"08113"
5440680,Summit County,"08117"
5441188,Teller County,"08119"
5443305,Washington County,"08121"
5444907,Yuma County,"08125"
5445155,Cheyenne County,"20023"
5445268,Decatur County,"20039"
5445392,Finney County,"20055"
5445489,Gove County,"20063"
5445505,Grant County,"20067"
5445511,Gray County,"20069"
5445516,Greeley County,"20071"
5445544,Hamilton County,"20075"
5445570,Haskell County,"20081"
5445733,Kearny County,"20093"
5445806,Lane County,"20101"
5445855,Logan County,"20109"
5445955,Meade County,"20119"
5446023,Morton County,"20129"
5446276,Rawlins County,"20153"
5446427,Scott County,"20171"
5446445,Seward County,"20175"
5446459,Sheridan County,"20179"
5446470,Sherman County,"20181"
5446561,Stanton County,"20187"
5446576,Stevens County,"20189"
5446632,Thomas County,"20193"
5446712,Wallace County,"20199"
5446780,Wichita County,"20203"
5457180,Bernalillo County,"35001"
5460788,Catron County,"35003"
5461428,Chaves County,"35005"
5462019,Cibola County,"35006"
5462567,Colfax County,"35007"
5464151,Curry County,"35009"
5464477,De Baca County,"35011"
5465283,Doa Ana County,"35013"
5466318,Eddy County,"35015"
5469835,Grant County,"35017"
5470197,Guadalupe County,"35019"
5470675,Harding County,"35021"
5471293,Hidalgo County,"35023"
5475594,Lea County,"35025"
5475934,Lincoln County,"35027"
5476834,Los Alamos County,"35028"
5477433,Luna County,"35029"
5478585,McKinley County,"35031"
5480123,Mora County,"35033"
5482932,Otero County,"35035"
5485605,Quay County,"35037"
5487732,Rio Arriba County,"35039"
5488372,Roosevelt County,"35041"
5489698,San Juan County,"35045"
5489818,San Miguel County,"35047"
5490135,Sandoval County,"35043"
5490272,Santa Fe County,"35049"
5491395,Sierra County,"35051"
5492031,Socorro County,"35053"
5493780,Taos County,"35055"
5494881,Torrance County,"35057"
5495841,Union County,"35059"
5496319,Valencia County,"35061"
5501350,Carson City,"32510"
5501785,Churchill County,"32001"
5501879,Clark County,"32003"
5503178,Douglas County,"32005"
5503780,Esmeralda County,"32009"
5506935,Lander County,"32015"
5507189,Lincoln County,"32017"
5507669,Lyon County,"32019"
5508393,Mineral County,"32021"
5509519,Nye County,"32023"
5513171,Storey County,"32029"
5514990,White Pine County,"32033"
5515593,Beaver County,"40007"
5515651,Cimarron County,"40025"
5515937,Texas County,"40139"
5516292,Andrews County,"48003"
5516441,Armstrong County,"48011"
5516581,Bailey County,"48017"
5517459,Borden County,"48033"
5517580,Brewster County,"48043"
5517598,Briscoe County,"48045"
5518353,Carson County,"48065"
5518431,Castro County,"48069"
5518760,Childress County,"48075"
5519156,Cochran County,"48079"
5519174,Coke County,"48081"
5519229,Collingsworth County,"48087"
5519440,Cottle County,"48101"
5519649,Crane County,"48103"
5519699,Crockett County,"48105"
5519715,Crosby County,"48107"
5519788,Culberson County,"48109"
5519868,Dallam County,"48111"
5519946,Dawson County,"48115"
5520004,Deaf Smith County,"48117"
5520187,Dickens County,"48125"
5520330,Donley County,"48129"
5520910,Ector County,"48135"
5520940,Edwards County,"48137"
5521001,El Paso County,"48141"
5521544,Fisher County,"48151"
5521640,Floyd County,"48153"
5521974,Gaines County,"48165"
5522043,Garza County,"48169"
5522162,Glasscock County,"48173"
5522430,Gray County,"48179"
5522717,Hale County,"48189"
5522740,Hall County,"48191"
5522806,Hansford County,"48195"
5522887,Hartley County,"48205"
5523019,Hemphill County,"48211"
5523240,Hockley County,"48219"
5523520,Howard County,"48227"
5523551,Hudspeth County,"48229"
5523630,Hutchinson County,"48233"
5523809,Irion County,"48235"
5523967,Jeff Davis County,"48243"
5524519,Kent County,"48263"
5524574,King County,"48269"
5524590,Kinney County,"48271"
5524844,Lamb County,"48279"
5525131,Lipscomb County,"48295"
5525514,Loving County,"48301"
5525584,Lubbock County,"48303"
5525637,Lynn County,"48305"
5525816,Martin County,"48317"
5525886,Maverick County,"48323"
5526341,Midland County,"48329"
5526473,Mitchell County,"48335"
5526589,Moore County,"48341"
5526681,Motley County,"48345"
5527151,Nolan County,"48353"
5527543,Ochiltree County,"48357"
5527746,Oldham County,"48359"
5528077,Parmer County,"48369"
5528185,Pecos County,"48371"
5528613,Potter County,"48375"
5528673,Presidio County,"48377"
5528909,Randall County,"48381"
5528987,Reagan County,"48383"
5529174,Reeves County,"48389"
5529403,Roberts County,"48393"
5530333,Schleicher County,"48413"
5530399,Scurry County,"48415"
5530618,Sherman County,"48421"
5531748,Sterling County,"48431"
5531802,Stonewall County,"48433"
5531955,Sutton County,"48435"
5531988,Swisher County,"48437"
5532186,Terrell County,"48443"
5532197,Terry County,"48445"
5532405,Tom Green County,"48451"
5532876,Upton County,"48461"
5532889,Val Verde County,"48465"
5533109,Ward County,"48475"
5533544,Wheeler County,"48483"
5534055,Winkler County,"48495"
5534225,Yoakum County,"48501"
5534886,Beaver County,"49001"
5536454,Carbon County,"49007"
5538893,Emery County,"49015"
5539525,Garfield County,"49017"
5539784,Grand County,"49019"
5541004,Iron County,"49021"
5541372,Juab County,"49023"
5541473,Kane County,"49025"
5543199,Millard County,"49027"
5545027,Piute County,"49031"
5546337,San Juan County,"49037"
5546434,Sanpete County,"49039"
5546669,Sevier County,"49041"
5549225,Washington County,"49053"
5549318,Wayne County,"49055"
5550375,Alamosa County,"08003"
5551519,Apache County,"04001"
5553701,Trinity County,"06105"
5554074,Juneau City and Borough,"02110"
5554432,Ketchikan Gateway Borough,"02130"
5556541,Prince of Wales-Outer Ketchikan Census Area,"02201"
5557295,Sitka City and Borough,"02220"
5558599,Wrangell-Petersburg Census Area (historical),"02280"
5558618,Yakutat City and Borough,"02282"
5562484,Del Norte County,"06015"
5565500,Humboldt County,"06023"
5566544,Lassen County,"06035"
5568120,Modoc County,"06049"
5571096,Shasta County,"06089"
5571369,Siskiyou County,"06093"
5572575,Tehama County,"06103"
5574999,Boulder County,"08013"
5577529,Grand County,"08049"
5578418,Jackson County,"08057"
5578884,Larimer County,"08069"
5579185,Logan County,"08075"
5579973,Moffat County,"08081"
5580055,Morgan County,"08087"
5580855,Phillips County,"08095"
5581553,Routt County,"08107"
5581788,Sedgwick County,"08115"
5583239,Weld County,"08123"
5583739,Ada County,"16001"
5583743,Adams County,"16003"
5584639,Bannock County,"16005"
5585000,Bear Lake County,"16007"
5585304,Benewah County,"16009"
5585826,Bingham County,"16011"
5586170,Blaine County,"16013"
5586445,Boise County,"16015"
5586489,Bonner County,"16017"
5586500,Bonneville County,"16019"
5586641,Boundary County,"16021"
5587504,Butte County,"16023"
5587757,Camas County,"16025"
5587975,Canyon County,"16027"
5588082,Caribou County,"16029"
5588204,Cassia County,"16031"
5588908,Clark County,"16033"
5589005,Clearwater County,"16035"
5590383,Custer County,"16037"
5592510,Elmore County,"16039"
5593547,Franklin County,"16041"
5593620,Fremont County,"16043"
5593925,Gem County,"16045"
5594311,Gooding County,"16047"
5596467,Idaho County,"16049"
5596986,Jefferson County,"16051"
5597037,Jerome County,"16053"
5597922,Kootenai County,"16055"
5598264,Latah County,"16057"
5598464,Lemhi County,"16059"
5598527,Lewis County,"16061"
5598678,Lincoln County,"16063"
5599930,Madison County,"16065"
5601141,Minidoka County,"16067"
5602115,Nez Perce County,"16069"
5602844,Oneida County,"16071"
5603018,Owyhee County,"16073"
5603395,Payette County,"16075"
5604439,Power County,"16077"
5607202,Shoshone County,"16079"
5609855,Teton County,"16081"
5610815,Twin Falls County,"16083"
5611156,Valley County,"16085"
5611570,Washington County,"16087"
5639238,Beaverhead County,"30001"
5639974,Big Horn County,"30003"
5640934,Blaine County,"30005"
5642059,Broadwater County,"30007"
5643686,Carbon County,"30009"
5643864,Carter County,"30011"
5643929,Cascade County,"30013"
5644870,Chouteau County,"30015"
5647449,Custer County,"30017"
5647744,Daniels County,"30019"
5647905,Dawson County,"30021"
5648270,Deer Lodge County,"30023"
5651490,Fallon County,"30025"
5651735,Fergus County,"30027"
5652361,Flathead County,"30029"
5653656,Gallatin County,"30031"
5653782,Garfield County,"30033"
5654267,Glacier County,"30035"
5654674,Golden Valley County,"30037"
5654985,Granite County,"30039"
5657400,Hill County,"30041"
5659534,Jefferson County,"30043"
5660055,Judith Basin County,"30045"
5661385,Lake County,"30047"
5662129,Lewis and Clark County,"30049"
5662222,Liberty County,"30051"
5662406,Lincoln County,"30053"
5664295,Madison County,"30057"
5665177,McCone County,"30055"
5665612,Meagher County,"30059"
5666480,Mineral County,"30061"
5666648,Missoula County,"30063"
5667879,Musselshell County,"30065"
5670652,Park County,"30067"
5671200,Petroleum County,"30069"
5671269,Phillips County,"30071"
5672061,Pondera County,"30073"
5672326,Powder River County,"30075"
5672344,Powell County,"30077"
5672408,Prairie County,"30079"
5673204,Ravalli County,"30081"
5673849,Richland County,"30083"
5674655,Roosevelt County,"30085"
5674707,Rosebud County,"30087"
5676299,Sanders County,"30089"
5677503,Sheridan County,"30091"
5677822,Silver Bow County,"30093"
5680538,Stillwater County,"30095"
5681435,Sweet Grass County,"30097"
5681965,Teton County,"30099"
5682810,Toole County,"30101"
5683061,Treasure County,"30103"
5684246,Valley County,"30105"
5685886,Wheatland County,"30107"
5686294,Wibaux County,"30109"
5687489,Yellowstone County,"30111"
5687646,Adams County,"38001"
5688020,Billings County,"38007"
5688108,Bottineau County,"38009"
5688138,Bowman County,"38011"
5688254,Burke County,"38013"
5688266,Burleigh County,"38015"
5688792,Divide County,"38023"
5688859,Dunn County,"38025"
5689006,Emmons County,"38029"
5689315,Golden Valley County,"38033"
5689375,Grant County,"38037"
5689621,Hettinger County,"38041"
5690436,McHenry County,"38049"
5690440,McKenzie County,"38053"
5690448,McLean County,"38055"
5690489,Mercer County,"38057"
5690583,Morton County,"38059"
5690614,Mountrail County,"38061"
5690889,Oliver County,"38065"
5691033,Pierce County,"38069"
5691264,Renville County,"38075"
5692064,Sheridan County,"38083"
5692108,Sioux County,"38085"
5692146,Slope County,"38087"
5692348,Stark County,"38089"
5692798,Ward County,"38101"
5692940,Williams County,"38105"
5693299,Arthur County,"31005"
5693402,Banner County,"31007"
5693772,Box Butte County,"31013"
5694236,Chase County,"31029"
5694243,Cherry County,"31031"
5694258,Cheyenne County,"31033"
5694727,Dawes County,"31045"
5694776,Deuel County,"31049"
5694963,Dundy County,"31057"
5695504,Frontier County,"31063"
5695559,Garden County,"31069"
5695796,Grant County,"31075"
5696051,Hayes County,"31085"
5696203,Hitchcock County,"31087"
5696254,Hooker County,"31091"
5696644,Keith County,"31101"
5696690,Keya Paha County,"31103"
5696719,Kimball County,"31105"
5697026,Lincoln County,"31111"
5697135,Logan County,"31113"
5697457,McPherson County,"31117"
5697710,Morrill County,"31123"
5698262,Perkins County,"31135"
5698593,Red Willow County,"31145"
5699397,Scotts Bluff County,"31157"
5699519,Sheridan County,"31161"
5699598,Sioux County,"31165"
5700112,Thomas County,"31171"
5703673,Elko County,"32007"
5703766,Eureka County,"32011"
5704974,Humboldt County,"32013"
5707263,Pershing County,"32027"
5709906,Washoe County,"32031"
5712180,Baker County,"41001"
5713677,Benton County,"41003"
5719297,Clackamas County,"41005"
5719408,Clatsop County,"41007"
5720173,Columbia County,"41009"
5720502,Coos County,"41011"
5721611,Crook County,"41013"
5721936,Curry County,"41015"
5722958,Deschutes County,"41017"
5723759,Douglas County,"41019"
5728364,Gilliam County,"41021"
5729054,Grant County,"41023"
5730293,Harney County,"41025"
5731767,Hood River County,"41027"
5733351,Jackson County,"41029"
5733534,Jefferson County,"41031"
5734120,Josephine County,"41033"
5735237,Klamath County,"41035"
5735647,Lake County,"41037"
5735869,Lane County,"41039"
5736643,Lincoln County,"41041"
5736713,Linn County,"41043"
5738839,Malheur County,"41045"
5739051,Marion County,"41047"
5741531,Morrow County,"41049"
5742126,Multnomah County,"41051"
5746351,Polk County,"41053"
5751614,Sherman County,"41055"
5756780,Tillamook County,"41057"
5758058,Umatilla County,"41059"
5758120,Union County,"41061"
5759046,Wallowa County,"41063"
5759298,Wasco County,"41065"
5759333,Washington County,"41067"
5760229,Wheeler County,"41069"
5761960,Yamhill County,"41071"
5762756,Bennett County,"46007"
5763234,Butte County,"46019"
5763333,Campbell County,"46021"
5763761,Corson County,"46031"
5763916,Custer County,"46033"
5764119,Dewey County,"46041"
5764690,Fall River County,"46047"
5765294,Haakon County,"46055"
5765341,Harding County,"46063"
5765964,Jackson County,"46071"
5766096,Jones County,"46075"
5766411,Lawrence County,"46081"
5767000,Meade County,"46093"
5767033,Mellette County,"46095"
5767840,Pennington County,"46103"
5767864,Perkins County,"46105"
5768976,Oglala Lakota County,"46102"
5769386,Stanley County,"46117"
5769502,Sully County,"46119"
5769778,Todd County,"46121"
5770576,Ziebach County,"46137"
5771875,Box Elder County,"49003"
5772317,Cache County,"49005"
5773608,Daggett County,"49009"
5773664,Davis County,"49011"
5774137,Duchesne County,"49013"
5778525,Morgan County,"49029"
5780377,Rich County,"49033"
5781004,Salt Lake County,"49035"
5782267,Summit County,"49043"
5783699,Tooele County,"49045"
5783919,Uintah County,"49047"
5784025,Utah County,"49049"
5784339,Wasatch County,"49051"
5784440,Weber County,"49057"
5785282,Adams County,"53001"
5785935,Asotin County,"53003"
5786991,Benton County,"53005"
5789829,Chelan County,"53007"
5790164,Clallam County,"53009"
5790179,Clark County,"53011"
5790614,Columbia County,"53013"
5791206,Cowlitz County,"53015"
5792681,Douglas County,"53017"
5794294,Ferry County,"53019"
5794976,Franklin County,"53021"
5795265,Garfield County,"53023"
5796034,Grant County,"53025"
5796126,Grays Harbor County,"53027"
5798453,Island County,"53029"
5798663,Jefferson County,"53031"
5799783,King County,"53033"
5799853,Kitsap County,"53035"
5799889,Kittitas County,"53037"
5799909,Klickitat County,"53039"
5800813,Lewis County,"53041"
5800965,Lincoln County,"53043"
5802584,Mason County,"53045"
5805553,Okanogan County,"53047"
5806002,Pacific County,"53049"
5806491,Pend Oreille County,"53051"
5806769,Pierce County,"53053"
5809422,San Juan County,"53055"
5810608,Skagit County,"53057"
5810628,Skamania County,"53059"
5810982,Snohomish County,"53061"
5811704,Spokane County,"53063"
5812148,Stevens County,"53065"
5813521,Thurston County,"53067"
5814851,Wahkiakum County,"53069"
5814921,Walla Walla County,"53071"
5815675,Whatcom County,"53073"
5815891,Whitman County,"53075"
5816597,Yakima County,"53077"
5816904,Albany County,"56001"
5818658,Big Horn County,"56003"
5820441,Campbell County,"56005"
5820552,Carbon County,"56007"
5821791,Converse County,"56009"
5822351,Crook County,"56011"
5825643,Fremont County,"56013"
5826220,Goshen County,"56015"
5828054,Hot Springs County,"56017"
5828957,Johnson County,"56019"
5830051,Laramie County,"56021"
5830383,Lincoln County,"56023"
5833224,Natrona County,"56025"
5833446,Niobrara County,"56027"
5834587,Park County,"56029"
5835308,Platte County,"56031"
5838199,Sheridan County,"56033"
5840177,Sublette County,"56035"
5840426,Sweetwater County,"56037"
5840786,Teton County,"56039"
5841693,Uinta County,"56041"
5842257,Washakie County,"56043"
5842707,Weston County,"56045"
5844411,Annette Island Reserve,"02198"
5846893,Haines Borough,"02100"
5847795,Kalawao County,"15005"
5848514,Kauai County,"15007"
5850871,Maui County,"15009"
5855765,Hawaii County,"15001"
5856194,Honolulu County,"15003"
5858042,Bristol Bay Borough,"02060"
5860541,Denali Borough,"02068"
5860696,Dillingham Census Area,"02070"
5861900,Fairbanks North Star Borough,"02090"
5866071,Kenai Peninsula Borough,"02122"
5866574,Kodiak Island Borough,"02150"
5867113,Lake and Peninsula Borough,"02164"
5868437,Matanuska-Susitna Borough,"02170"
5870134,Nome Census Area,"02180"
5870308,North Slope Borough,"02185"
5870351,Northwest Arctic Borough,"02188"
5874863,Southeast Fairbanks Census Area,"02240"
5877395,Valdez-Cordova Census Area,"02261"
5877533,Wade Hampton Census Area,"02270"
5878558,Yukon-Koyukuk Census Area,"02290"
5879164,Aleutians West Census Area,"02016"
5879166,Aleutians East Borough,"02013"
5879348,Anchorage Municipality,"02020"
5880573,Bethel Census Area,"02050"
6941775,Kings County,"36047"
7117565,Skagway Municipality,"02230"
7117568,Hoonah-Angoon Census Area,"02105"
7117591,City and Borough of Wrangell,"02275"
7117732,Petersburg Borough,"02195"
